device_number,hoursfloor,count,sex,days,mode
1,-48,0,m,-2,Empty
1,-47,0,m,-2,Empty
1,-46,1,m,-2,Empty
1,-45,1,m,-2,Empty
1,-44,0,m,-2,Empty
1,-43,1,m,-2,Empty
1,-42,1,m,-2,Empty
1,-41,8,m,-2,Empty
1,-40,9,m,-2,Empty
1,-39,11,m,-2,Empty
1,-38,5,m,-2,Empty
1,-37,1,m,-2,Empty
1,-36,0,m,-2,Empty
1,-35,9,m,-2,Empty
1,-34,4,m,-2,Empty
1,-33,0,m,-2,Empty
1,-32,6,m,-2,Empty
1,-31,5,m,-2,Empty
1,-30,0,m,-2,Empty
1,-29,0,m,-2,Empty
1,-28,1,m,-2,Empty
1,-27,0,m,-2,Empty
1,-26,0,m,-2,Empty
1,-25,1,m,-2,Empty
1,-24,1,m,-1,Empty
1,-23,1,m,-1,Empty
1,-22,1,m,-1,Empty
1,-21,0,m,-1,Empty
1,-20,0,m,-1,Empty
1,-19,0,m,-1,Empty
1,-18,0,m,-1,Empty
1,-17,5,m,-1,Empty
1,-16,0,m,-1,Empty
1,-15,3,m,-1,Empty
1,-14,3,m,-1,Empty
1,-13,1,m,-1,Empty
1,-12,0,m,-1,Empty
1,-11,1,m,-1,Empty
1,-10,0,m,-1,Empty
1,-9,1,m,-1,Empty
1,-8,2,m,-1,Empty
1,-7,0,m,-1,Empty
1,-6,0,m,-1,Empty
1,-5,2,m,-1,Empty
1,-4,0,m,-1,Empty
1,-3,0,m,-1,Empty
1,-2,1,m,-1,Empty
1,-1,0,m,-1,Empty
1,0,0,m,0,Social
1,1,3,m,0,Social
1,2,0,m,0,Social
1,3,1,m,0,Social
1,4,1,m,0,Social
1,5,0,m,0,Social
1,6,1,m,0,Social
1,7,3,m,0,Social
1,8,3,m,0,Social
1,9,14,m,0,Social
1,10,4,m,0,Social
1,11,6,m,0,Social
1,12,2,m,0,Social
1,13,0,m,0,Social
1,14,6,m,0,Social
1,15,14,m,0,Social
1,16,3,m,0,Social
1,17,1,m,0,Social
1,18,2,m,0,Social
1,19,6,m,0,Social
1,20,3,m,0,Social
1,21,0,m,0,Social
1,22,3,m,0,Social
1,23,0,m,0,Social
1,24,0,m,1,Social
1,25,0,m,1,Social
1,26,0,m,1,Social
1,27,7,m,1,Social
1,28,1,m,1,Social
1,29,0,m,1,Social
1,30,3,m,1,Social
1,31,1,m,1,Social
1,32,9,m,1,Social
1,33,5,m,1,Social
1,34,3,m,1,Social
1,35,9,m,1,Social
1,36,10,m,1,Social
1,37,13,m,1,Social
1,38,7,m,1,Social
1,39,2,m,1,Social
1,40,6,m,1,Social
1,41,5,m,1,Social
1,42,4,m,1,Social
1,43,0,m,1,Social
1,44,6,m,1,Social
1,45,0,m,1,Social
1,46,0,m,1,Social
1,47,3,m,1,Social
1,48,1,m,2,Social
1,49,0,m,2,Social
1,50,0,m,2,Social
1,51,0,m,2,Social
1,52,4,m,2,Social
1,53,4,m,2,Social
1,54,1,m,2,Social
1,55,10,m,2,Social
1,56,8,m,2,Social
1,57,6,m,2,Social
1,58,5,m,2,Social
1,59,10,m,2,Social
1,60,13,m,2,Social
1,61,7,m,2,Social
1,62,3,m,2,Social
1,63,9,m,2,Social
1,64,0,m,2,Social
1,65,6,m,2,Social
1,66,2,m,2,Social
1,67,1,m,2,Social
1,68,0,m,2,Social
1,69,3,m,2,Social
1,70,1,m,2,Social
1,71,0,m,2,Social
1,72,0,m,3,Social
1,73,4,m,3,Social
1,74,0,m,3,Social
1,75,1,m,3,Social
1,76,0,m,3,Social
1,77,8,m,3,Social
1,78,0,m,3,Social
1,79,6,m,3,Social
1,80,6,m,3,Social
1,81,2,m,3,Social
1,82,5,m,3,Social
1,83,5,m,3,Social
1,84,10,m,3,Social
1,85,15,m,3,Social
1,86,15,m,3,Social
1,87,6,m,3,Social
1,88,4,m,3,Social
1,89,3,m,3,Social
1,90,6,m,3,Social
1,91,0,m,3,Social
1,92,0,m,3,Social
1,93,0,m,3,Social
1,94,2,m,3,Social
1,95,0,m,3,Social
1,96,1,m,4,Social
1,97,0,m,4,Social
1,98,1,m,4,Social
1,99,4,m,4,Social
1,100,4,m,4,Social
1,101,3,m,4,Social
1,102,7,m,4,Social
1,103,3,m,4,Social
1,104,4,m,4,Social
1,105,2,m,4,Social
1,106,3,m,4,Social
1,107,3,m,4,Social
1,108,2,m,4,Social
1,109,7,m,4,Social
1,110,11,m,4,Social
1,111,4,m,4,Social
1,112,1,m,4,Social
1,113,1,m,4,Social
1,114,4,m,4,Social
1,115,0,m,4,Social
1,116,1,m,4,Social
1,117,3,m,4,Social
1,118,0,m,4,Social
1,119,1,m,4,Social
1,120,1,m,5,Social
1,121,0,m,5,Social
1,122,5,m,5,Social
1,123,0,m,5,Social
1,124,0,m,5,Social
1,125,5,m,5,Social
1,126,0,m,5,Social
1,127,6,m,5,Social
1,128,7,m,5,Social
1,129,10,m,5,Social
1,130,0,m,5,Social
1,131,2,m,5,Social
1,132,8,m,5,Social
1,133,2,m,5,Social
1,134,4,m,5,Social
1,135,3,m,5,Social
1,136,3,m,5,Social
1,137,0,m,5,Social
1,138,2,m,5,Social
1,139,0,m,5,Social
1,140,2,m,5,Social
1,141,1,m,5,Social
1,142,1,m,5,Social
1,143,0,m,5,Social
1,144,0,m,6,Social
1,145,0,m,6,Social
1,146,6,m,6,Social
1,147,7,m,6,Social
1,148,0,m,6,Social
1,149,1,m,6,Social
1,150,4,m,6,Social
1,151,14,m,6,Social
1,152,8,m,6,Social
1,153,6,m,6,Social
1,154,9,m,6,Social
1,155,10,m,6,Social
1,156,12,m,6,Social
1,157,11,m,6,Social
1,158,11,m,6,Social
1,159,5,m,6,Social
1,160,5,m,6,Social
1,161,0,m,6,Social
1,162,1,m,6,Social
1,163,0,m,6,Social
1,164,7,m,6,Social
1,165,0,m,6,Social
1,166,0,m,6,Social
1,167,0,m,6,Social
1,168,2,m,7,Social
1,169,0,m,7,Social
1,170,5,m,7,Social
1,171,0,m,7,Social
1,172,6,m,7,Social
1,173,1,m,7,Social
1,174,6,m,7,Social
1,175,12,m,7,Social
1,176,8,m,7,Social
1,177,0,m,7,Social
1,178,19,m,7,Social
1,179,0,m,7,Social
1,180,18,m,7,Social
1,181,14,m,7,Social
1,182,14,m,7,Social
1,183,6,m,7,Social
1,184,0,m,7,Social
1,185,3,m,7,Social
1,186,2,m,7,Social
1,187,0,m,7,Social
1,188,0,m,7,Social
1,189,0,m,7,Social
1,190,0,m,7,Social
1,191,0,m,7,Social
1,192,0,m,8,Social
1,193,1,m,8,Social
1,194,1,m,8,Social
1,195,12,m,8,Social
1,196,0,m,8,Social
1,197,0,m,8,Social
1,198,13,m,8,Social
1,199,10,m,8,Social
1,200,4,m,8,Social
1,201,7,m,8,Social
1,202,5,m,8,Social
1,203,3,m,8,Social
1,204,8,m,8,Social
1,205,10,m,8,Social
1,206,11,m,8,Social
1,207,7,m,8,Social
1,208,4,m,8,Social
1,209,1,m,8,Social
1,210,4,m,8,Social
1,211,0,m,8,Social
1,212,1,m,8,Social
1,213,0,m,8,Social
1,214,0,m,8,Social
1,215,1,m,8,Social
1,216,0,m,9,Extinction
1,217,0,m,9,Extinction
1,218,12,m,9,Extinction
1,219,6,m,9,Extinction
1,220,0,m,9,Extinction
1,221,3,m,9,Extinction
1,222,7,m,9,Extinction
1,223,10,m,9,Extinction
1,224,9,m,9,Extinction
1,225,0,m,9,Extinction
1,226,2,m,9,Extinction
1,227,13,m,9,Extinction
1,228,3,m,9,Extinction
1,229,7,m,9,Extinction
1,230,6,m,9,Extinction
1,231,8,m,9,Extinction
1,232,5,m,9,Extinction
1,233,0,m,9,Extinction
1,234,2,m,9,Extinction
1,235,0,m,9,Extinction
1,236,0,m,9,Extinction
1,237,1,m,9,Extinction
1,238,0,m,9,Extinction
1,239,1,m,9,Extinction
1,240,1,m,10,Extinction
1,241,0,m,10,Extinction
1,242,3,m,10,Extinction
1,243,1,m,10,Extinction
1,244,0,m,10,Extinction
1,245,3,m,10,Extinction
1,246,5,m,10,Extinction
1,247,7,m,10,Extinction
1,248,5,m,10,Extinction
1,249,5,m,10,Extinction
1,250,0,m,10,Extinction
1,251,3,m,10,Extinction
1,252,1,m,10,Extinction
1,253,1,m,10,Extinction
1,254,7,m,10,Extinction
1,255,8,m,10,Extinction
1,256,4,m,10,Extinction
1,257,3,m,10,Extinction
1,258,0,m,10,Extinction
1,259,2,m,10,Extinction
1,260,1,m,10,Extinction
1,261,0,m,10,Extinction
1,262,0,m,10,Extinction
1,263,0,m,10,Extinction
1,264,0,m,11,Extinction
1,265,0,m,11,Extinction
1,266,6,m,11,Extinction
1,267,0,m,11,Extinction
1,268,2,m,11,Extinction
1,269,1,m,11,Extinction
1,270,3,m,11,Extinction
1,271,4,m,11,Extinction
1,272,3,m,11,Extinction
1,273,7,m,11,Extinction
1,274,1,m,11,Extinction
1,275,0,m,11,Extinction
1,276,1,m,11,Extinction
1,277,1,m,11,Extinction
1,278,4,m,11,Extinction
1,279,2,m,11,Extinction
1,280,3,m,11,Extinction
1,281,3,m,11,Extinction
1,282,0,m,11,Extinction
1,283,1,m,11,Extinction
1,284,0,m,11,Extinction
1,285,2,m,11,Extinction
1,286,0,m,11,Extinction
1,287,0,m,11,Extinction
1,288,0,m,12,Extinction
1,289,0,m,12,Extinction
1,290,3,m,12,Extinction
1,291,1,m,12,Extinction
1,292,0,m,12,Extinction
1,293,0,m,12,Extinction
1,294,2,m,12,Extinction
1,295,4,m,12,Extinction
1,296,3,m,12,Extinction
1,297,5,m,12,Extinction
1,298,1,m,12,Extinction
1,299,0,m,12,Extinction
1,300,2,m,12,Extinction
1,301,5,m,12,Extinction
1,302,7,m,12,Extinction
1,303,9,m,12,Extinction
1,304,2,m,12,Extinction
1,305,2,m,12,Extinction
1,306,4,m,12,Extinction
1,307,0,m,12,Extinction
1,308,0,m,12,Extinction
1,309,1,m,12,Extinction
1,310,0,m,12,Extinction
1,311,0,m,12,Extinction
4,-96,0,f,-4,Empty
4,-95,0,f,-4,Empty
4,-94,0,f,-4,Empty
4,-93,0,f,-4,Empty
4,-92,0,f,-4,Empty
4,-91,0,f,-4,Empty
4,-90,0,f,-4,Empty
4,-89,0,f,-4,Empty
4,-88,2,f,-4,Empty
4,-87,9,f,-4,Empty
4,-86,14,f,-4,Empty
4,-85,1,f,-4,Empty
4,-84,1,f,-4,Empty
4,-83,4,f,-4,Empty
4,-82,1,f,-4,Empty
4,-81,0,f,-4,Empty
4,-80,0,f,-4,Empty
4,-79,3,f,-4,Empty
4,-78,2,f,-4,Empty
4,-77,0,f,-4,Empty
4,-76,0,f,-4,Empty
4,-75,1,f,-4,Empty
4,-74,0,f,-4,Empty
4,-73,0,f,-4,Empty
4,-72,0,f,-3,Empty
4,-71,1,f,-3,Empty
4,-70,0,f,-3,Empty
4,-69,1,f,-3,Empty
4,-68,3,f,-3,Empty
4,-67,0,f,-3,Empty
4,-66,0,f,-3,Empty
4,-65,0,f,-3,Empty
4,-64,13,f,-3,Empty
4,-63,1,f,-3,Empty
4,-62,14,f,-3,Empty
4,-61,9,f,-3,Empty
4,-60,4,f,-3,Empty
4,-59,1,f,-3,Empty
4,-58,6,f,-3,Empty
4,-57,2,f,-3,Empty
4,-56,1,f,-3,Empty
4,-55,2,f,-3,Empty
4,-54,3,f,-3,Empty
4,-53,0,f,-3,Empty
4,-52,0,f,-3,Empty
4,-51,2,f,-3,Empty
4,-50,0,f,-3,Empty
4,-49,0,f,-3,Empty
4,-48,1,f,-2,Empty
4,-47,0,f,-2,Empty
4,-46,0,f,-2,Empty
4,-45,0,f,-2,Empty
4,-44,1,f,-2,Empty
4,-43,0,f,-2,Empty
4,-42,3,f,-2,Empty
4,-41,0,f,-2,Empty
4,-40,1,f,-2,Empty
4,-39,3,f,-2,Empty
4,-38,2,f,-2,Empty
4,-37,2,f,-2,Empty
4,-36,2,f,-2,Empty
4,-35,6,f,-2,Empty
4,-34,4,f,-2,Empty
4,-33,4,f,-2,Empty
4,-32,0,f,-2,Empty
4,-31,3,f,-2,Empty
4,-30,1,f,-2,Empty
4,-29,0,f,-2,Empty
4,-28,0,f,-2,Empty
4,-27,0,f,-2,Empty
4,-26,0,f,-2,Empty
4,-25,0,f,-2,Empty
4,-24,0,f,-1,Empty
4,-23,1,f,-1,Empty
4,-22,2,f,-1,Empty
4,-21,0,f,-1,Empty
4,-20,1,f,-1,Empty
4,-19,0,f,-1,Empty
4,-18,1,f,-1,Empty
4,-17,3,f,-1,Empty
4,-16,1,f,-1,Empty
4,-15,1,f,-1,Empty
4,-14,0,f,-1,Empty
4,-13,0,f,-1,Empty
4,-12,5,f,-1,Empty
4,-11,0,f,-1,Empty
4,-10,4,f,-1,Empty
4,-9,4,f,-1,Empty
4,-8,1,f,-1,Empty
4,-7,1,f,-1,Empty
4,-6,1,f,-1,Empty
4,-5,0,f,-1,Empty
4,-4,1,f,-1,Empty
4,-3,0,f,-1,Empty
4,-2,0,f,-1,Empty
4,-1,0,f,-1,Empty
4,0,0,f,0,Social
4,1,1,f,0,Social
4,2,0,f,0,Social
4,3,3,f,0,Social
4,4,7,f,0,Social
4,5,0,f,0,Social
4,6,1,f,0,Social
4,7,3,f,0,Social
4,8,7,f,0,Social
4,9,6,f,0,Social
4,10,10,f,0,Social
4,11,6,f,0,Social
4,12,3,f,0,Social
4,13,8,f,0,Social
4,14,5,f,0,Social
4,15,4,f,0,Social
4,16,10,f,0,Social
4,17,1,f,0,Social
4,18,0,f,0,Social
4,19,0,f,0,Social
4,20,0,f,0,Social
4,21,6,f,0,Social
4,22,0,f,0,Social
4,23,0,f,0,Social
4,24,0,f,1,Social
4,25,2,f,1,Social
4,26,4,f,1,Social
4,27,3,f,1,Social
4,28,3,f,1,Social
4,29,1,f,1,Social
4,30,2,f,1,Social
4,31,6,f,1,Social
4,32,6,f,1,Social
4,33,5,f,1,Social
4,34,6,f,1,Social
4,35,8,f,1,Social
4,36,1,f,1,Social
4,37,2,f,1,Social
4,38,8,f,1,Social
4,39,6,f,1,Social
4,40,7,f,1,Social
4,41,2,f,1,Social
4,42,1,f,1,Social
4,43,0,f,1,Social
4,44,5,f,1,Social
4,45,0,f,1,Social
4,46,0,f,1,Social
4,47,0,f,1,Social
4,48,6,f,2,Social
4,49,0,f,2,Social
4,50,0,f,2,Social
4,51,0,f,2,Social
4,52,3,f,2,Social
4,53,1,f,2,Social
4,54,7,f,2,Social
4,55,6,f,2,Social
4,56,4,f,2,Social
4,57,3,f,2,Social
4,58,5,f,2,Social
4,59,8,f,2,Social
4,60,6,f,2,Social
4,61,11,f,2,Social
4,62,7,f,2,Social
4,63,3,f,2,Social
4,64,5,f,2,Social
4,65,0,f,2,Social
4,66,2,f,2,Social
4,67,0,f,2,Social
4,68,2,f,2,Social
4,69,2,f,2,Social
4,70,0,f,2,Social
4,71,3,f,2,Social
4,72,0,f,3,Social
4,73,2,f,3,Social
4,74,1,f,3,Social
4,75,0,f,3,Social
4,76,1,f,3,Social
4,77,1,f,3,Social
4,78,9,f,3,Social
4,79,6,f,3,Social
4,80,5,f,3,Social
4,81,6,f,3,Social
4,82,8,f,3,Social
4,83,4,f,3,Social
4,84,10,f,3,Social
4,85,1,f,3,Social
4,86,5,f,3,Social
4,87,13,f,3,Social
4,88,5,f,3,Social
4,89,0,f,3,Social
4,90,1,f,3,Social
4,91,0,f,3,Social
4,92,4,f,3,Social
4,93,2,f,3,Social
4,94,0,f,3,Social
4,95,1,f,3,Social
4,96,0,f,4,Social
4,97,1,f,4,Social
4,98,0,f,4,Social
4,99,0,f,4,Social
4,100,3,f,4,Social
4,101,0,f,4,Social
4,102,13,f,4,Social
4,103,8,f,4,Social
4,104,3,f,4,Social
4,105,5,f,4,Social
4,106,6,f,4,Social
4,107,7,f,4,Social
4,108,10,f,4,Social
4,109,8,f,4,Social
4,110,15,f,4,Social
4,111,7,f,4,Social
4,112,4,f,4,Social
4,113,6,f,4,Social
4,114,3,f,4,Social
4,115,3,f,4,Social
4,116,2,f,4,Social
4,117,0,f,4,Social
4,118,1,f,4,Social
4,119,0,f,4,Social
4,120,3,f,5,Social
4,121,1,f,5,Social
4,122,4,f,5,Social
4,123,1,f,5,Social
4,124,0,f,5,Social
4,125,0,f,5,Social
4,126,7,f,5,Social
4,127,4,f,5,Social
4,128,2,f,5,Social
4,129,2,f,5,Social
4,130,7,f,5,Social
4,131,1,f,5,Social
4,132,3,f,5,Social
4,133,7,f,5,Social
4,134,9,f,5,Social
4,135,6,f,5,Social
4,136,7,f,5,Social
4,137,1,f,5,Social
4,138,0,f,5,Social
4,139,0,f,5,Social
4,140,0,f,5,Social
4,141,0,f,5,Social
4,142,0,f,5,Social
4,143,0,f,5,Social
4,144,1,f,6,Social
4,145,0,f,6,Social
4,146,3,f,6,Social
4,147,0,f,6,Social
4,148,0,f,6,Social
4,149,4,f,6,Social
4,150,6,f,6,Social
4,151,9,f,6,Social
4,152,9,f,6,Social
4,153,0,f,6,Social
4,154,2,f,6,Social
4,155,9,f,6,Social
4,156,3,f,6,Social
4,157,5,f,6,Social
4,158,3,f,6,Social
4,159,10,f,6,Social
4,160,7,f,6,Social
4,161,9,f,6,Social
4,162,5,f,6,Social
4,163,0,f,6,Social
4,164,3,f,6,Social
4,165,0,f,6,Social
4,166,0,f,6,Social
4,167,5,f,6,Social
4,168,0,f,7,Social
4,169,1,f,7,Social
4,170,3,f,7,Social
4,171,0,f,7,Social
4,172,1,f,7,Social
4,173,3,f,7,Social
4,174,11,f,7,Social
4,175,4,f,7,Social
4,176,3,f,7,Social
4,177,8,f,7,Social
4,178,10,f,7,Social
4,179,2,f,7,Social
4,180,0,f,7,Social
4,181,9,f,7,Social
4,182,7,f,7,Social
4,183,7,f,7,Social
4,184,11,f,7,Social
4,185,1,f,7,Social
4,186,0,f,7,Social
4,187,0,f,7,Social
4,188,0,f,7,Social
4,189,0,f,7,Social
4,190,0,f,7,Social
4,191,2,f,7,Social
4,192,0,f,8,Social
4,193,1,f,8,Social
4,194,1,f,8,Social
4,195,6,f,8,Social
4,196,1,f,8,Social
4,197,1,f,8,Social
4,198,8,f,8,Social
4,199,2,f,8,Social
4,200,7,f,8,Social
4,201,12,f,8,Social
4,202,5,f,8,Social
4,203,4,f,8,Social
4,204,7,f,8,Social
4,205,5,f,8,Social
4,206,6,f,8,Social
4,207,9,f,8,Social
4,208,7,f,8,Social
4,209,1,f,8,Social
4,210,1,f,8,Social
4,211,0,f,8,Social
4,212,0,f,8,Social
4,213,0,f,8,Social
4,214,1,f,8,Social
4,215,0,f,8,Social
4,216,1,f,9,Extinction
4,217,0,f,9,Extinction
4,218,2,f,9,Extinction
4,219,4,f,9,Extinction
4,220,0,f,9,Extinction
4,221,2,f,9,Extinction
4,222,8,f,9,Extinction
4,223,6,f,9,Extinction
4,224,9,f,9,Extinction
4,225,8,f,9,Extinction
4,226,6,f,9,Extinction
4,227,2,f,9,Extinction
4,228,1,f,9,Extinction
4,229,4,f,9,Extinction
4,230,5,f,9,Extinction
4,231,9,f,9,Extinction
4,232,4,f,9,Extinction
4,233,4,f,9,Extinction
4,234,0,f,9,Extinction
4,235,2,f,9,Extinction
4,236,0,f,9,Extinction
4,237,0,f,9,Extinction
4,238,0,f,9,Extinction
4,239,2,f,9,Extinction
4,240,1,f,10,Extinction
4,241,2,f,10,Extinction
4,242,0,f,10,Extinction
4,243,0,f,10,Extinction
4,244,0,f,10,Extinction
4,245,0,f,10,Extinction
4,246,2,f,10,Extinction
4,247,2,f,10,Extinction
4,248,0,f,10,Extinction
4,249,0,f,10,Extinction
4,250,0,f,10,Extinction
4,251,2,f,10,Extinction
4,252,0,f,10,Extinction
4,253,0,f,10,Extinction
4,254,1,f,10,Extinction
4,255,0,f,10,Extinction
4,256,0,f,10,Extinction
4,257,0,f,10,Extinction
4,258,0,f,10,Extinction
4,259,0,f,10,Extinction
4,260,0,f,10,Extinction
4,261,0,f,10,Extinction
4,262,0,f,10,Extinction
4,263,0,f,10,Extinction
4,288,0,f,12,Extinction
4,289,1,f,12,Extinction
4,290,3,f,12,Extinction
4,291,0,f,12,Extinction
4,292,1,f,12,Extinction
4,293,1,f,12,Extinction
4,294,2,f,12,Extinction
4,295,6,f,12,Extinction
4,296,4,f,12,Extinction
4,297,11,f,12,Extinction
4,298,8,f,12,Extinction
4,299,5,f,12,Extinction
4,300,0,f,12,Extinction
4,301,1,f,12,Extinction
4,302,0,f,12,Extinction
4,303,2,f,12,Extinction
4,304,3,f,12,Extinction
4,305,2,f,12,Extinction
4,306,1,f,12,Extinction
4,307,0,f,12,Extinction
4,308,0,f,12,Extinction
4,309,0,f,12,Extinction
4,310,0,f,12,Extinction
4,311,0,f,12,Extinction
7,-96,0,f,-4,Empty
7,-95,0,f,-4,Empty
7,-94,0,f,-4,Empty
7,-93,0,f,-4,Empty
7,-92,0,f,-4,Empty
7,-91,0,f,-4,Empty
7,-90,0,f,-4,Empty
7,-89,1,f,-4,Empty
7,-88,1,f,-4,Empty
7,-87,1,f,-4,Empty
7,-86,9,f,-4,Empty
7,-85,2,f,-4,Empty
7,-84,3,f,-4,Empty
7,-83,0,f,-4,Empty
7,-82,0,f,-4,Empty
7,-81,0,f,-4,Empty
7,-80,0,f,-4,Empty
7,-79,3,f,-4,Empty
7,-78,1,f,-4,Empty
7,-77,0,f,-4,Empty
7,-76,1,f,-4,Empty
7,-75,0,f,-4,Empty
7,-74,0,f,-4,Empty
7,-73,2,f,-4,Empty
7,-72,0,f,-3,Empty
7,-71,0,f,-3,Empty
7,-70,0,f,-3,Empty
7,-69,1,f,-3,Empty
7,-68,0,f,-3,Empty
7,-67,0,f,-3,Empty
7,-66,0,f,-3,Empty
7,-65,3,f,-3,Empty
7,-64,1,f,-3,Empty
7,-63,2,f,-3,Empty
7,-62,0,f,-3,Empty
7,-61,4,f,-3,Empty
7,-60,2,f,-3,Empty
7,-59,4,f,-3,Empty
7,-58,2,f,-3,Empty
7,-57,1,f,-3,Empty
7,-56,4,f,-3,Empty
7,-55,5,f,-3,Empty
7,-54,0,f,-3,Empty
7,-53,0,f,-3,Empty
7,-52,1,f,-3,Empty
7,-51,0,f,-3,Empty
7,-50,0,f,-3,Empty
7,-49,0,f,-3,Empty
7,-48,0,f,-2,Empty
7,-47,0,f,-2,Empty
7,-46,0,f,-2,Empty
7,-45,0,f,-2,Empty
7,-44,0,f,-2,Empty
7,-43,0,f,-2,Empty
7,-42,0,f,-2,Empty
7,-41,7,f,-2,Empty
7,-40,0,f,-2,Empty
7,-39,2,f,-2,Empty
7,-38,3,f,-2,Empty
7,-37,1,f,-2,Empty
7,-36,0,f,-2,Empty
7,-35,0,f,-2,Empty
7,-34,1,f,-2,Empty
7,-33,2,f,-2,Empty
7,-32,1,f,-2,Empty
7,-31,0,f,-2,Empty
7,-30,0,f,-2,Empty
7,-29,0,f,-2,Empty
7,-28,0,f,-2,Empty
7,-27,0,f,-2,Empty
7,-26,1,f,-2,Empty
7,-25,0,f,-2,Empty
7,-24,0,f,-1,Empty
7,-23,0,f,-1,Empty
7,-22,0,f,-1,Empty
7,-21,0,f,-1,Empty
7,-20,0,f,-1,Empty
7,-19,0,f,-1,Empty
7,-18,2,f,-1,Empty
7,-17,3,f,-1,Empty
7,-16,4,f,-1,Empty
7,-15,3,f,-1,Empty
7,-14,1,f,-1,Empty
7,-13,2,f,-1,Empty
7,-12,2,f,-1,Empty
7,-11,0,f,-1,Empty
7,-10,2,f,-1,Empty
7,-9,2,f,-1,Empty
7,-8,2,f,-1,Empty
7,-7,0,f,-1,Empty
7,-6,0,f,-1,Empty
7,-5,0,f,-1,Empty
7,-4,0,f,-1,Empty
7,-3,0,f,-1,Empty
7,-2,0,f,-1,Empty
7,-1,0,f,-1,Empty
7,0,0,f,0,Social
7,1,0,f,0,Social
7,2,2,f,0,Social
7,3,1,f,0,Social
7,4,0,f,0,Social
7,5,0,f,0,Social
7,6,2,f,0,Social
7,7,2,f,0,Social
7,8,5,f,0,Social
7,9,2,f,0,Social
7,10,4,f,0,Social
7,11,6,f,0,Social
7,12,14,f,0,Social
7,13,9,f,0,Social
7,14,9,f,0,Social
7,15,8,f,0,Social
7,16,0,f,0,Social
7,17,1,f,0,Social
7,18,0,f,0,Social
7,19,2,f,0,Social
7,20,0,f,0,Social
7,21,0,f,0,Social
7,22,0,f,0,Social
7,23,0,f,0,Social
7,24,0,f,1,Social
7,25,1,f,1,Social
7,26,0,f,1,Social
7,27,0,f,1,Social
7,28,0,f,1,Social
7,29,0,f,1,Social
7,30,15,f,1,Social
7,31,9,f,1,Social
7,32,5,f,1,Social
7,33,11,f,1,Social
7,34,4,f,1,Social
7,35,0,f,1,Social
7,36,11,f,1,Social
7,37,6,f,1,Social
7,38,5,f,1,Social
7,39,5,f,1,Social
7,40,0,f,1,Social
7,41,0,f,1,Social
7,42,0,f,1,Social
7,43,3,f,1,Social
7,44,0,f,1,Social
7,45,0,f,1,Social
7,46,1,f,1,Social
7,47,0,f,1,Social
7,48,3,f,2,Social
7,49,0,f,2,Social
7,50,0,f,2,Social
7,51,1,f,2,Social
7,52,1,f,2,Social
7,53,2,f,2,Social
7,54,9,f,2,Social
7,55,4,f,2,Social
7,56,8,f,2,Social
7,57,3,f,2,Social
7,58,0,f,2,Social
7,59,3,f,2,Social
7,60,7,f,2,Social
7,61,11,f,2,Social
7,62,3,f,2,Social
7,63,1,f,2,Social
7,64,0,f,2,Social
7,65,0,f,2,Social
7,66,0,f,2,Social
7,67,2,f,2,Social
7,68,2,f,2,Social
7,69,0,f,2,Social
7,70,0,f,2,Social
7,71,1,f,2,Social
7,72,0,f,3,Social
7,73,0,f,3,Social
7,74,3,f,3,Social
7,75,3,f,3,Social
7,76,0,f,3,Social
7,77,2,f,3,Social
7,78,3,f,3,Social
7,79,2,f,3,Social
7,80,5,f,3,Social
7,81,6,f,3,Social
7,82,8,f,3,Social
7,83,6,f,3,Social
7,84,5,f,3,Social
7,85,0,f,3,Social
7,86,16,f,3,Social
7,87,12,f,3,Social
7,88,4,f,3,Social
7,89,0,f,3,Social
7,90,0,f,3,Social
7,91,1,f,3,Social
7,92,0,f,3,Social
7,93,2,f,3,Social
7,94,0,f,3,Social
7,95,0,f,3,Social
7,96,1,f,4,Social
7,97,0,f,4,Social
7,98,3,f,4,Social
7,99,1,f,4,Social
7,100,3,f,4,Social
7,101,0,f,4,Social
7,102,8,f,4,Social
7,103,8,f,4,Social
7,104,8,f,4,Social
7,105,5,f,4,Social
7,106,6,f,4,Social
7,107,6,f,4,Social
7,108,1,f,4,Social
7,109,1,f,4,Social
7,110,11,f,4,Social
7,111,6,f,4,Social
7,112,4,f,4,Social
7,113,0,f,4,Social
7,114,1,f,4,Social
7,115,0,f,4,Social
7,116,0,f,4,Social
7,117,2,f,4,Social
7,118,1,f,4,Social
7,119,0,f,4,Social
7,120,0,f,5,Social
7,121,0,f,5,Social
7,122,2,f,5,Social
7,123,0,f,5,Social
7,124,1,f,5,Social
7,125,0,f,5,Social
7,126,6,f,5,Social
7,127,8,f,5,Social
7,128,6,f,5,Social
7,129,0,f,5,Social
7,130,9,f,5,Social
7,131,3,f,5,Social
7,132,5,f,5,Social
7,133,8,f,5,Social
7,134,3,f,5,Social
7,135,0,f,5,Social
7,136,0,f,5,Social
7,137,0,f,5,Social
7,138,0,f,5,Social
7,139,6,f,5,Social
7,140,0,f,5,Social
7,141,0,f,5,Social
7,142,1,f,5,Social
7,143,0,f,5,Social
7,144,0,f,6,Social
7,145,0,f,6,Social
7,146,1,f,6,Social
7,147,0,f,6,Social
7,148,0,f,6,Social
7,149,0,f,6,Social
7,150,7,f,6,Social
7,151,1,f,6,Social
7,152,9,f,6,Social
7,153,6,f,6,Social
7,154,13,f,6,Social
7,155,10,f,6,Social
7,156,7,f,6,Social
7,157,6,f,6,Social
7,158,2,f,6,Social
7,159,2,f,6,Social
7,160,2,f,6,Social
7,161,0,f,6,Social
7,162,2,f,6,Social
7,163,0,f,6,Social
7,164,0,f,6,Social
7,165,0,f,6,Social
7,166,0,f,6,Social
7,167,0,f,6,Social
7,168,0,f,7,Social
7,169,2,f,7,Social
7,170,0,f,7,Social
7,171,0,f,7,Social
7,172,0,f,7,Social
7,173,1,f,7,Social
7,174,8,f,7,Social
7,175,4,f,7,Social
7,176,2,f,7,Social
7,177,3,f,7,Social
7,178,7,f,7,Social
7,179,2,f,7,Social
7,180,6,f,7,Social
7,181,9,f,7,Social
7,182,2,f,7,Social
7,183,1,f,7,Social
7,184,0,f,7,Social
7,185,2,f,7,Social
7,186,0,f,7,Social
7,187,0,f,7,Social
7,188,0,f,7,Social
7,189,0,f,7,Social
7,190,0,f,7,Social
7,191,1,f,7,Social
7,192,1,f,8,Social
7,193,0,f,8,Social
7,194,1,f,8,Social
7,195,1,f,8,Social
7,196,0,f,8,Social
7,197,1,f,8,Social
7,198,9,f,8,Social
7,199,6,f,8,Social
7,200,8,f,8,Social
7,201,4,f,8,Social
7,202,4,f,8,Social
7,203,1,f,8,Social
7,204,3,f,8,Social
7,205,10,f,8,Social
7,206,8,f,8,Social
7,207,5,f,8,Social
7,208,1,f,8,Social
7,209,0,f,8,Social
7,210,1,f,8,Social
7,211,1,f,8,Social
7,212,0,f,8,Social
7,213,0,f,8,Social
7,214,0,f,8,Social
7,215,0,f,8,Social
7,216,2,f,9,Extinction
7,217,1,f,9,Extinction
7,218,0,f,9,Extinction
7,219,0,f,9,Extinction
7,220,0,f,9,Extinction
7,221,0,f,9,Extinction
7,222,6,f,9,Extinction
7,223,7,f,9,Extinction
7,224,2,f,9,Extinction
7,225,0,f,9,Extinction
7,226,8,f,9,Extinction
7,227,0,f,9,Extinction
7,228,6,f,9,Extinction
7,229,7,f,9,Extinction
7,230,2,f,9,Extinction
7,231,4,f,9,Extinction
7,232,2,f,9,Extinction
7,233,0,f,9,Extinction
7,234,1,f,9,Extinction
7,235,0,f,9,Extinction
7,236,0,f,9,Extinction
7,237,0,f,9,Extinction
7,238,0,f,9,Extinction
7,239,0,f,9,Extinction
7,240,0,f,10,Extinction
7,241,0,f,10,Extinction
7,242,0,f,10,Extinction
7,243,0,f,10,Extinction
7,244,0,f,10,Extinction
7,245,1,f,10,Extinction
7,246,7,f,10,Extinction
7,247,5,f,10,Extinction
7,248,1,f,10,Extinction
7,249,7,f,10,Extinction
7,250,5,f,10,Extinction
7,251,7,f,10,Extinction
7,252,5,f,10,Extinction
7,253,7,f,10,Extinction
7,254,5,f,10,Extinction
7,255,2,f,10,Extinction
7,256,0,f,10,Extinction
7,257,0,f,10,Extinction
7,258,3,f,10,Extinction
7,259,0,f,10,Extinction
7,260,0,f,10,Extinction
7,261,2,f,10,Extinction
7,262,0,f,10,Extinction
7,263,0,f,10,Extinction
7,264,0,f,11,Extinction
7,265,1,f,11,Extinction
7,266,1,f,11,Extinction
7,267,1,f,11,Extinction
7,268,0,f,11,Extinction
7,269,1,f,11,Extinction
7,270,6,f,11,Extinction
7,271,7,f,11,Extinction
7,272,1,f,11,Extinction
7,273,2,f,11,Extinction
7,274,0,f,11,Extinction
7,275,4,f,11,Extinction
7,276,4,f,11,Extinction
7,277,4,f,11,Extinction
7,278,5,f,11,Extinction
7,279,2,f,11,Extinction
7,280,0,f,11,Extinction
7,281,0,f,11,Extinction
7,282,0,f,11,Extinction
7,283,0,f,11,Extinction
7,284,0,f,11,Extinction
7,285,0,f,11,Extinction
7,286,0,f,11,Extinction
7,287,1,f,11,Extinction
7,288,0,f,12,Extinction
7,289,0,f,12,Extinction
7,290,1,f,12,Extinction
7,291,0,f,12,Extinction
7,292,0,f,12,Extinction
7,293,0,f,12,Extinction
7,294,4,f,12,Extinction
7,295,2,f,12,Extinction
7,296,6,f,12,Extinction
7,297,0,f,12,Extinction
7,298,0,f,12,Extinction
7,299,2,f,12,Extinction
7,300,2,f,12,Extinction
7,301,3,f,12,Extinction
7,302,4,f,12,Extinction
7,303,2,f,12,Extinction
7,304,0,f,12,Extinction
7,305,0,f,12,Extinction
7,306,1,f,12,Extinction
7,307,0,f,12,Extinction
7,308,0,f,12,Extinction
7,309,0,f,12,Extinction
7,310,1,f,12,Extinction
7,311,1,f,12,Extinction
8,-96,0,f,-4,Empty
8,-95,0,f,-4,Empty
8,-94,0,f,-4,Empty
8,-93,0,f,-4,Empty
8,-92,0,f,-4,Empty
8,-91,0,f,-4,Empty
8,-90,0,f,-4,Empty
8,-89,0,f,-4,Empty
8,-88,0,f,-4,Empty
8,-87,0,f,-4,Empty
8,-86,0,f,-4,Empty
8,-85,0,f,-4,Empty
8,-84,0,f,-4,Empty
8,-83,1,f,-4,Empty
8,-82,0,f,-4,Empty
8,-81,0,f,-4,Empty
8,-80,0,f,-4,Empty
8,-79,2,f,-4,Empty
8,-78,0,f,-4,Empty
8,-77,0,f,-4,Empty
8,-76,0,f,-4,Empty
8,-75,0,f,-4,Empty
8,-74,1,f,-4,Empty
8,-73,0,f,-4,Empty
8,-72,0,f,-3,Empty
8,-71,0,f,-3,Empty
8,-70,0,f,-3,Empty
8,-69,0,f,-3,Empty
8,-68,0,f,-3,Empty
8,-67,0,f,-3,Empty
8,-66,0,f,-3,Empty
8,-65,0,f,-3,Empty
8,-64,0,f,-3,Empty
8,-63,2,f,-3,Empty
8,-62,0,f,-3,Empty
8,-61,4,f,-3,Empty
8,-60,1,f,-3,Empty
8,-59,4,f,-3,Empty
8,-58,0,f,-3,Empty
8,-57,0,f,-3,Empty
8,-56,0,f,-3,Empty
8,-55,2,f,-3,Empty
8,-54,0,f,-3,Empty
8,-53,0,f,-3,Empty
8,-52,1,f,-3,Empty
8,-51,0,f,-3,Empty
8,-50,0,f,-3,Empty
8,-49,0,f,-3,Empty
8,-48,0,f,-2,Empty
8,-47,0,f,-2,Empty
8,-46,1,f,-2,Empty
8,-45,1,f,-2,Empty
8,-44,0,f,-2,Empty
8,-43,0,f,-2,Empty
8,-42,0,f,-2,Empty
8,-41,5,f,-2,Empty
8,-40,1,f,-2,Empty
8,-39,2,f,-2,Empty
8,-38,7,f,-2,Empty
8,-37,5,f,-2,Empty
8,-36,3,f,-2,Empty
8,-35,1,f,-2,Empty
8,-34,0,f,-2,Empty
8,-33,0,f,-2,Empty
8,-32,3,f,-2,Empty
8,-31,1,f,-2,Empty
8,-30,0,f,-2,Empty
8,-29,0,f,-2,Empty
8,-28,0,f,-2,Empty
8,-27,1,f,-2,Empty
8,-26,1,f,-2,Empty
8,-25,0,f,-2,Empty
8,-24,0,f,-1,Empty
8,-23,0,f,-1,Empty
8,-22,1,f,-1,Empty
8,-21,0,f,-1,Empty
8,-20,0,f,-1,Empty
8,-19,0,f,-1,Empty
8,-18,0,f,-1,Empty
8,-17,1,f,-1,Empty
8,-16,0,f,-1,Empty
8,-15,3,f,-1,Empty
8,-14,4,f,-1,Empty
8,-13,4,f,-1,Empty
8,-12,6,f,-1,Empty
8,-11,2,f,-1,Empty
8,-10,0,f,-1,Empty
8,-9,0,f,-1,Empty
8,-8,4,f,-1,Empty
8,-7,1,f,-1,Empty
8,-6,0,f,-1,Empty
8,-5,0,f,-1,Empty
8,-4,0,f,-1,Empty
8,-3,0,f,-1,Empty
8,-2,0,f,-1,Empty
8,-1,0,f,-1,Empty
8,0,0,f,0,Social
8,1,0,f,0,Social
8,2,0,f,0,Social
8,3,0,f,0,Social
8,4,0,f,0,Social
8,5,0,f,0,Social
8,6,1,f,0,Social
8,7,0,f,0,Social
8,8,0,f,0,Social
8,9,2,f,0,Social
8,10,5,f,0,Social
8,11,28,f,0,Social
8,12,7,f,0,Social
8,13,24,f,0,Social
8,14,16,f,0,Social
8,15,14,f,0,Social
8,16,13,f,0,Social
8,17,3,f,0,Social
8,18,0,f,0,Social
8,19,2,f,0,Social
8,20,2,f,0,Social
8,21,0,f,0,Social
8,22,1,f,0,Social
8,23,0,f,0,Social
8,24,2,f,1,Social
8,25,0,f,1,Social
8,26,1,f,1,Social
8,27,0,f,1,Social
8,28,0,f,1,Social
8,29,2,f,1,Social
8,30,5,f,1,Social
8,31,2,f,1,Social
8,32,2,f,1,Social
8,33,6,f,1,Social
8,34,7,f,1,Social
8,35,2,f,1,Social
8,36,14,f,1,Social
8,37,4,f,1,Social
8,38,16,f,1,Social
8,39,10,f,1,Social
8,40,8,f,1,Social
8,41,8,f,1,Social
8,42,3,f,1,Social
8,43,0,f,1,Social
8,44,1,f,1,Social
8,45,0,f,1,Social
8,46,1,f,1,Social
8,47,1,f,1,Social
8,48,0,f,2,Social
8,49,0,f,2,Social
8,50,0,f,2,Social
8,51,1,f,2,Social
8,52,0,f,2,Social
8,53,0,f,2,Social
8,54,3,f,2,Social
8,55,0,f,2,Social
8,56,1,f,2,Social
8,57,2,f,2,Social
8,58,3,f,2,Social
8,59,4,f,2,Social
8,60,6,f,2,Social
8,61,8,f,2,Social
8,62,0,f,2,Social
8,63,3,f,2,Social
8,64,4,f,2,Social
8,65,4,f,2,Social
8,66,2,f,2,Social
8,67,0,f,2,Social
8,68,1,f,2,Social
8,69,0,f,2,Social
8,70,0,f,2,Social
8,71,3,f,2,Social
8,72,9,f,3,Social
8,73,0,f,3,Social
8,74,0,f,3,Social
8,75,0,f,3,Social
8,76,0,f,3,Social
8,77,3,f,3,Social
8,78,1,f,3,Social
8,79,2,f,3,Social
8,80,3,f,3,Social
8,81,0,f,3,Social
8,82,0,f,3,Social
8,83,0,f,3,Social
8,84,0,f,3,Social
8,85,0,f,3,Social
8,86,0,f,3,Social
8,87,0,f,3,Social
8,88,0,f,3,Social
8,89,0,f,3,Social
8,90,0,f,3,Social
8,91,0,f,3,Social
8,92,0,f,3,Social
8,93,0,f,3,Social
8,94,0,f,3,Social
8,95,0,f,3,Social
8,96,0,f,4,Social
8,97,0,f,4,Social
8,98,0,f,4,Social
8,99,0,f,4,Social
8,100,0,f,4,Social
8,101,0,f,4,Social
8,102,1,f,4,Social
8,103,2,f,4,Social
8,104,4,f,4,Social
8,105,4,f,4,Social
8,106,9,f,4,Social
8,107,1,f,4,Social
8,108,4,f,4,Social
8,109,11,f,4,Social
8,110,2,f,4,Social
8,111,3,f,4,Social
8,112,4,f,4,Social
8,113,1,f,4,Social
8,114,0,f,4,Social
8,115,0,f,4,Social
8,116,0,f,4,Social
8,117,2,f,4,Social
8,118,0,f,4,Social
8,119,1,f,4,Social
8,120,0,f,5,Social
8,121,0,f,5,Social
8,122,2,f,5,Social
8,123,1,f,5,Social
8,124,0,f,5,Social
8,125,0,f,5,Social
8,126,3,f,5,Social
8,127,1,f,5,Social
8,128,10,f,5,Social
8,129,8,f,5,Social
8,130,10,f,5,Social
8,131,12,f,5,Social
8,132,8,f,5,Social
8,133,0,f,5,Social
8,134,13,f,5,Social
8,135,13,f,5,Social
8,136,9,f,5,Social
8,137,6,f,5,Social
8,138,0,f,5,Social
8,139,1,f,5,Social
8,140,0,f,5,Social
8,141,4,f,5,Social
8,142,0,f,5,Social
8,143,5,f,5,Social
8,144,0,f,6,Social
8,145,0,f,6,Social
8,146,7,f,6,Social
8,147,0,f,6,Social
8,148,0,f,6,Social
8,149,2,f,6,Social
8,150,0,f,6,Social
8,151,8,f,6,Social
8,152,9,f,6,Social
8,153,17,f,6,Social
8,154,8,f,6,Social
8,155,14,f,6,Social
8,156,14,f,6,Social
8,157,15,f,6,Social
8,158,19,f,6,Social
8,159,12,f,6,Social
8,160,8,f,6,Social
8,161,11,f,6,Social
8,162,2,f,6,Social
8,163,7,f,6,Social
8,164,1,f,6,Social
8,165,1,f,6,Social
8,166,0,f,6,Social
8,167,0,f,6,Social
8,168,1,f,7,Social
8,169,3,f,7,Social
8,170,0,f,7,Social
8,171,0,f,7,Social
8,172,2,f,7,Social
8,173,1,f,7,Social
8,174,7,f,7,Social
8,175,6,f,7,Social
8,176,2,f,7,Social
8,177,9,f,7,Social
8,178,2,f,7,Social
8,179,5,f,7,Social
8,180,10,f,7,Social
8,181,3,f,7,Social
8,182,7,f,7,Social
8,183,12,f,7,Social
8,184,7,f,7,Social
8,185,3,f,7,Social
8,186,0,f,7,Social
8,187,0,f,7,Social
8,188,3,f,7,Social
8,189,0,f,7,Social
8,190,0,f,7,Social
8,191,3,f,7,Social
8,192,0,f,8,Social
8,193,0,f,8,Social
8,194,1,f,8,Social
8,195,0,f,8,Social
8,196,0,f,8,Social
8,197,0,f,8,Social
8,198,6,f,8,Social
8,199,11,f,8,Social
8,200,0,f,8,Social
8,201,10,f,8,Social
8,202,4,f,8,Social
8,203,11,f,8,Social
8,204,11,f,8,Social
8,205,11,f,8,Social
8,206,8,f,8,Social
8,207,5,f,8,Social
8,208,0,f,8,Social
8,209,4,f,8,Social
8,210,6,f,8,Social
8,211,0,f,8,Social
8,212,1,f,8,Social
8,213,0,f,8,Social
8,214,0,f,8,Social
8,215,2,f,8,Social
8,216,0,f,9,Extinction
8,217,2,f,9,Extinction
8,218,0,f,9,Extinction
8,219,0,f,9,Extinction
8,220,0,f,9,Extinction
8,221,4,f,9,Extinction
8,222,6,f,9,Extinction
8,223,3,f,9,Extinction
8,224,9,f,9,Extinction
8,225,3,f,9,Extinction
8,226,1,f,9,Extinction
8,227,0,f,9,Extinction
8,228,12,f,9,Extinction
8,229,6,f,9,Extinction
8,230,11,f,9,Extinction
8,231,8,f,9,Extinction
8,232,0,f,9,Extinction
8,233,0,f,9,Extinction
8,234,0,f,9,Extinction
8,235,0,f,9,Extinction
8,236,2,f,9,Extinction
8,237,1,f,9,Extinction
8,238,2,f,9,Extinction
8,239,1,f,9,Extinction
8,240,0,f,10,Extinction
8,241,0,f,10,Extinction
8,242,0,f,10,Extinction
8,243,1,f,10,Extinction
8,244,0,f,10,Extinction
8,245,2,f,10,Extinction
8,246,5,f,10,Extinction
8,247,5,f,10,Extinction
8,248,5,f,10,Extinction
8,249,11,f,10,Extinction
8,250,3,f,10,Extinction
8,251,0,f,10,Extinction
8,252,10,f,10,Extinction
8,253,9,f,10,Extinction
8,254,5,f,10,Extinction
8,255,4,f,10,Extinction
8,256,0,f,10,Extinction
8,257,2,f,10,Extinction
8,258,0,f,10,Extinction
8,259,1,f,10,Extinction
8,260,0,f,10,Extinction
8,261,2,f,10,Extinction
8,262,1,f,10,Extinction
8,263,0,f,10,Extinction
8,264,0,f,11,Extinction
8,265,1,f,11,Extinction
8,266,0,f,11,Extinction
8,267,1,f,11,Extinction
8,268,1,f,11,Extinction
8,269,0,f,11,Extinction
8,270,7,f,11,Extinction
8,271,3,f,11,Extinction
8,272,11,f,11,Extinction
8,273,8,f,11,Extinction
8,274,5,f,11,Extinction
8,275,11,f,11,Extinction
8,276,6,f,11,Extinction
8,277,13,f,11,Extinction
8,278,7,f,11,Extinction
8,279,2,f,11,Extinction
8,280,2,f,11,Extinction
8,281,3,f,11,Extinction
8,282,3,f,11,Extinction
8,283,0,f,11,Extinction
8,284,0,f,11,Extinction
8,285,2,f,11,Extinction
8,286,1,f,11,Extinction
8,287,0,f,11,Extinction
8,288,3,f,12,Extinction
8,289,0,f,12,Extinction
8,290,0,f,12,Extinction
8,291,0,f,12,Extinction
8,292,0,f,12,Extinction
8,293,0,f,12,Extinction
8,294,3,f,12,Extinction
8,295,4,f,12,Extinction
8,296,1,f,12,Extinction
8,297,8,f,12,Extinction
8,298,2,f,12,Extinction
8,299,0,f,12,Extinction
8,300,6,f,12,Extinction
8,301,0,f,12,Extinction
8,302,10,f,12,Extinction
8,303,8,f,12,Extinction
8,304,4,f,12,Extinction
8,305,1,f,12,Extinction
8,306,0,f,12,Extinction
8,307,0,f,12,Extinction
8,308,0,f,12,Extinction
8,309,1,f,12,Extinction
8,310,0,f,12,Extinction
8,311,0,f,12,Extinction
10,-96,0,m,-4,Empty
10,-95,0,m,-4,Empty
10,-94,0,m,-4,Empty
10,-93,0,m,-4,Empty
10,-92,0,m,-4,Empty
10,-91,0,m,-4,Empty
10,-90,0,m,-4,Empty
10,-89,0,m,-4,Empty
10,-88,0,m,-4,Empty
10,-87,0,m,-4,Empty
10,-86,1,m,-4,Empty
10,-85,0,m,-4,Empty
10,-84,0,m,-4,Empty
10,-83,0,m,-4,Empty
10,-82,0,m,-4,Empty
10,-81,0,m,-4,Empty
10,-80,0,m,-4,Empty
10,-79,1,m,-4,Empty
10,-78,0,m,-4,Empty
10,-77,0,m,-4,Empty
10,-76,0,m,-4,Empty
10,-75,0,m,-4,Empty
10,-74,0,m,-4,Empty
10,-73,0,m,-4,Empty
10,-72,0,m,-3,Empty
10,-71,0,m,-3,Empty
10,-70,0,m,-3,Empty
10,-69,0,m,-3,Empty
10,-68,0,m,-3,Empty
10,-67,0,m,-3,Empty
10,-66,0,m,-3,Empty
10,-65,1,m,-3,Empty
10,-64,1,m,-3,Empty
10,-63,0,m,-3,Empty
10,-62,0,m,-3,Empty
10,-61,1,m,-3,Empty
10,-60,2,m,-3,Empty
10,-59,0,m,-3,Empty
10,-58,0,m,-3,Empty
10,-57,3,m,-3,Empty
10,-56,3,m,-3,Empty
10,-55,0,m,-3,Empty
10,-54,0,m,-3,Empty
10,-53,0,m,-3,Empty
10,-52,0,m,-3,Empty
10,-51,0,m,-3,Empty
10,-50,0,m,-3,Empty
10,-49,0,m,-3,Empty
10,-48,0,m,-2,Empty
10,-47,0,m,-2,Empty
10,-46,0,m,-2,Empty
10,-45,0,m,-2,Empty
10,-44,0,m,-2,Empty
10,-43,0,m,-2,Empty
10,-42,1,m,-2,Empty
10,-41,1,m,-2,Empty
10,-40,2,m,-2,Empty
10,-39,6,m,-2,Empty
10,-38,3,m,-2,Empty
10,-37,3,m,-2,Empty
10,-36,2,m,-2,Empty
10,-35,1,m,-2,Empty
10,-34,4,m,-2,Empty
10,-33,1,m,-2,Empty
10,-32,1,m,-2,Empty
10,-31,1,m,-2,Empty
10,-30,0,m,-2,Empty
10,-29,0,m,-2,Empty
10,-28,0,m,-2,Empty
10,-27,0,m,-2,Empty
10,-26,0,m,-2,Empty
10,-25,0,m,-2,Empty
10,-24,0,m,-1,Empty
10,-23,1,m,-1,Empty
10,-22,0,m,-1,Empty
10,-21,0,m,-1,Empty
10,-20,1,m,-1,Empty
10,-19,0,m,-1,Empty
10,-18,4,m,-1,Empty
10,-17,2,m,-1,Empty
10,-16,2,m,-1,Empty
10,-15,2,m,-1,Empty
10,-14,4,m,-1,Empty
10,-13,1,m,-1,Empty
10,-12,3,m,-1,Empty
10,-11,0,m,-1,Empty
10,-10,0,m,-1,Empty
10,-9,2,m,-1,Empty
10,-8,1,m,-1,Empty
10,-7,0,m,-1,Empty
10,-6,0,m,-1,Empty
10,-5,0,m,-1,Empty
10,-4,0,m,-1,Empty
10,-3,0,m,-1,Empty
10,-2,0,m,-1,Empty
10,-1,0,m,-1,Empty
10,0,0,m,0,Social
10,1,0,m,0,Social
10,2,1,m,0,Social
10,3,0,m,0,Social
10,4,0,m,0,Social
10,5,0,m,0,Social
10,6,0,m,0,Social
10,7,3,m,0,Social
10,8,4,m,0,Social
10,9,6,m,0,Social
10,10,8,m,0,Social
10,11,15,m,0,Social
10,12,6,m,0,Social
10,13,5,m,0,Social
10,14,0,m,0,Social
10,15,4,m,0,Social
10,16,4,m,0,Social
10,17,0,m,0,Social
10,18,0,m,0,Social
10,19,0,m,0,Social
10,20,0,m,0,Social
10,21,0,m,0,Social
10,22,1,m,0,Social
10,23,2,m,0,Social
10,24,0,m,1,Social
10,25,5,m,1,Social
10,26,1,m,1,Social
10,27,5,m,1,Social
10,28,0,m,1,Social
10,29,4,m,1,Social
10,30,8,m,1,Social
10,31,10,m,1,Social
10,32,3,m,1,Social
10,33,4,m,1,Social
10,34,9,m,1,Social
10,35,10,m,1,Social
10,36,14,m,1,Social
10,37,9,m,1,Social
10,38,7,m,1,Social
10,39,7,m,1,Social
10,40,6,m,1,Social
10,41,1,m,1,Social
10,42,1,m,1,Social
10,43,4,m,1,Social
10,44,0,m,1,Social
10,45,1,m,1,Social
10,46,0,m,1,Social
10,47,2,m,1,Social
10,48,3,m,2,Social
10,49,4,m,2,Social
10,50,6,m,2,Social
10,51,1,m,2,Social
10,52,1,m,2,Social
10,53,3,m,2,Social
10,54,5,m,2,Social
10,55,14,m,2,Social
10,56,2,m,2,Social
10,57,5,m,2,Social
10,58,1,m,2,Social
10,59,5,m,2,Social
10,60,6,m,2,Social
10,61,1,m,2,Social
10,62,0,m,2,Social
10,63,9,m,2,Social
10,64,0,m,2,Social
10,65,0,m,2,Social
10,66,0,m,2,Social
10,67,0,m,2,Social
10,68,0,m,2,Social
10,69,2,m,2,Social
10,70,0,m,2,Social
10,71,0,m,2,Social
10,72,0,m,3,Social
10,73,0,m,3,Social
10,74,2,m,3,Social
10,75,0,m,3,Social
10,76,4,m,3,Social
10,77,1,m,3,Social
10,78,11,m,3,Social
10,79,11,m,3,Social
10,80,2,m,3,Social
10,81,1,m,3,Social
10,82,5,m,3,Social
10,83,2,m,3,Social
10,84,4,m,3,Social
10,85,2,m,3,Social
10,86,3,m,3,Social
10,87,4,m,3,Social
10,88,4,m,3,Social
10,89,0,m,3,Social
10,90,0,m,3,Social
10,91,1,m,3,Social
10,92,0,m,3,Social
10,93,1,m,3,Social
10,94,0,m,3,Social
10,95,0,m,3,Social
10,96,1,m,4,Social
10,97,0,m,4,Social
10,98,3,m,4,Social
10,99,0,m,4,Social
10,100,0,m,4,Social
10,101,3,m,4,Social
10,102,9,m,4,Social
10,103,4,m,4,Social
10,104,3,m,4,Social
10,105,4,m,4,Social
10,106,0,m,4,Social
10,107,4,m,4,Social
10,108,4,m,4,Social
10,109,3,m,4,Social
10,110,4,m,4,Social
10,111,4,m,4,Social
10,112,0,m,4,Social
10,113,2,m,4,Social
10,114,0,m,4,Social
10,115,0,m,4,Social
10,116,0,m,4,Social
10,117,3,m,4,Social
10,118,0,m,4,Social
10,119,0,m,4,Social
10,120,0,m,5,Social
10,121,4,m,5,Social
10,122,0,m,5,Social
10,123,0,m,5,Social
10,124,2,m,5,Social
10,125,3,m,5,Social
10,126,3,m,5,Social
10,127,10,m,5,Social
10,128,9,m,5,Social
10,129,2,m,5,Social
10,130,7,m,5,Social
10,131,1,m,5,Social
10,132,11,m,5,Social
10,133,3,m,5,Social
10,134,1,m,5,Social
10,135,8,m,5,Social
10,136,8,m,5,Social
10,137,1,m,5,Social
10,138,0,m,5,Social
10,139,0,m,5,Social
10,140,0,m,5,Social
10,141,3,m,5,Social
10,142,0,m,5,Social
10,143,0,m,5,Social
10,192,0,m,8,Social
10,193,0,m,8,Social
10,194,0,m,8,Social
10,195,9,m,8,Social
10,196,1,m,8,Social
10,197,0,m,8,Social
10,198,7,m,8,Social
10,199,8,m,8,Social
10,200,7,m,8,Social
10,201,0,m,8,Social
10,202,4,m,8,Social
10,203,1,m,8,Social
10,204,9,m,8,Social
10,205,6,m,8,Social
10,206,1,m,8,Social
10,207,2,m,8,Social
10,208,5,m,8,Social
10,209,10,m,8,Social
10,210,0,m,8,Social
10,211,0,m,8,Social
10,212,5,m,8,Social
10,213,0,m,8,Social
10,214,0,m,8,Social
10,215,0,m,8,Social
10,216,0,m,9,Extinction
10,217,2,m,9,Extinction
10,218,0,m,9,Extinction
10,219,5,m,9,Extinction
10,220,6,m,9,Extinction
10,221,1,m,9,Extinction
10,222,7,m,9,Extinction
10,223,12,m,9,Extinction
10,224,8,m,9,Extinction
10,225,7,m,9,Extinction
10,226,1,m,9,Extinction
10,227,0,m,9,Extinction
10,228,5,m,9,Extinction
10,229,8,m,9,Extinction
10,230,4,m,9,Extinction
10,231,0,m,9,Extinction
10,232,13,m,9,Extinction
10,233,4,m,9,Extinction
10,234,0,m,9,Extinction
10,235,0,m,9,Extinction
10,236,1,m,9,Extinction
10,237,0,m,9,Extinction
10,238,0,m,9,Extinction
10,239,0,m,9,Extinction
10,240,1,m,10,Extinction
10,241,0,m,10,Extinction
10,242,5,m,10,Extinction
10,243,1,m,10,Extinction
10,244,3,m,10,Extinction
10,245,1,m,10,Extinction
10,246,0,m,10,Extinction
10,247,3,m,10,Extinction
10,248,4,m,10,Extinction
10,249,4,m,10,Extinction
10,250,0,m,10,Extinction
10,251,2,m,10,Extinction
10,252,3,m,10,Extinction
10,253,1,m,10,Extinction
10,254,1,m,10,Extinction
10,255,4,m,10,Extinction
10,256,5,m,10,Extinction
10,257,3,m,10,Extinction
10,258,1,m,10,Extinction
10,259,0,m,10,Extinction
10,260,0,m,10,Extinction
10,261,1,m,10,Extinction
10,262,0,m,10,Extinction
10,263,2,m,10,Extinction
10,264,0,m,11,Extinction
10,265,0,m,11,Extinction
10,266,3,m,11,Extinction
10,267,0,m,11,Extinction
10,268,1,m,11,Extinction
10,269,0,m,11,Extinction
10,270,1,m,11,Extinction
10,271,4,m,11,Extinction
10,272,4,m,11,Extinction
10,273,6,m,11,Extinction
10,274,2,m,11,Extinction
10,275,0,m,11,Extinction
10,276,2,m,11,Extinction
10,277,2,m,11,Extinction
10,278,0,m,11,Extinction
10,279,1,m,11,Extinction
10,280,1,m,11,Extinction
10,281,1,m,11,Extinction
10,282,0,m,11,Extinction
10,283,0,m,11,Extinction
10,284,0,m,11,Extinction
10,285,1,m,11,Extinction
10,286,0,m,11,Extinction
10,287,0,m,11,Extinction
10,288,0,m,12,Extinction
10,289,3,m,12,Extinction
10,290,0,m,12,Extinction
10,291,0,m,12,Extinction
10,292,0,m,12,Extinction
10,293,0,m,12,Extinction
10,294,2,m,12,Extinction
10,295,2,m,12,Extinction
10,296,3,m,12,Extinction
10,297,0,m,12,Extinction
10,298,0,m,12,Extinction
10,299,1,m,12,Extinction
10,300,1,m,12,Extinction
10,301,1,m,12,Extinction
10,302,4,m,12,Extinction
10,303,4,m,12,Extinction
10,304,0,m,12,Extinction
10,305,3,m,12,Extinction
10,306,0,m,12,Extinction
10,307,0,m,12,Extinction
10,308,0,m,12,Extinction
10,309,0,m,12,Extinction
10,310,0,m,12,Extinction
10,311,0,m,12,Extinction
11,-96,0,m,-4,Empty
11,-95,0,m,-4,Empty
11,-94,0,m,-4,Empty
11,-93,0,m,-4,Empty
11,-92,0,m,-4,Empty
11,-91,0,m,-4,Empty
11,-90,0,m,-4,Empty
11,-89,0,m,-4,Empty
11,-88,1,m,-4,Empty
11,-87,2,m,-4,Empty
11,-86,3,m,-4,Empty
11,-85,14,m,-4,Empty
11,-84,0,m,-4,Empty
11,-83,0,m,-4,Empty
11,-82,7,m,-4,Empty
11,-81,0,m,-4,Empty
11,-80,0,m,-4,Empty
11,-79,4,m,-4,Empty
11,-78,0,m,-4,Empty
11,-77,0,m,-4,Empty
11,-76,1,m,-4,Empty
11,-75,0,m,-4,Empty
11,-74,0,m,-4,Empty
11,-73,1,m,-4,Empty
11,-72,0,m,-3,Empty
11,-71,0,m,-3,Empty
11,-70,1,m,-3,Empty
11,-69,0,m,-3,Empty
11,-68,1,m,-3,Empty
11,-67,1,m,-3,Empty
11,-66,2,m,-3,Empty
11,-65,8,m,-3,Empty
11,-64,6,m,-3,Empty
11,-63,9,m,-3,Empty
11,-62,4,m,-3,Empty
11,-61,6,m,-3,Empty
11,-60,2,m,-3,Empty
11,-59,0,m,-3,Empty
11,-58,0,m,-3,Empty
11,-57,2,m,-3,Empty
11,-56,3,m,-3,Empty
11,-55,2,m,-3,Empty
11,-54,0,m,-3,Empty
11,-53,0,m,-3,Empty
11,-52,2,m,-3,Empty
11,-51,0,m,-3,Empty
11,-50,0,m,-3,Empty
11,-49,0,m,-3,Empty
11,-48,0,m,-2,Empty
11,-47,0,m,-2,Empty
11,-46,0,m,-2,Empty
11,-45,0,m,-2,Empty
11,-44,0,m,-2,Empty
11,-43,0,m,-2,Empty
11,-42,6,m,-2,Empty
11,-41,6,m,-2,Empty
11,-40,2,m,-2,Empty
11,-39,5,m,-2,Empty
11,-38,4,m,-2,Empty
11,-37,1,m,-2,Empty
11,-36,2,m,-2,Empty
11,-35,1,m,-2,Empty
11,-34,1,m,-2,Empty
11,-33,2,m,-2,Empty
11,-32,1,m,-2,Empty
11,-31,0,m,-2,Empty
11,-30,0,m,-2,Empty
11,-29,0,m,-2,Empty
11,-28,1,m,-2,Empty
11,-27,0,m,-2,Empty
11,-26,0,m,-2,Empty
11,-25,0,m,-2,Empty
11,-24,0,m,-1,Empty
11,-23,2,m,-1,Empty
11,-22,0,m,-1,Empty
11,-21,0,m,-1,Empty
11,-20,1,m,-1,Empty
11,-19,0,m,-1,Empty
11,-18,1,m,-1,Empty
11,-17,4,m,-1,Empty
11,-16,3,m,-1,Empty
11,-15,4,m,-1,Empty
11,-14,5,m,-1,Empty
11,-13,2,m,-1,Empty
11,-12,1,m,-1,Empty
11,-11,3,m,-1,Empty
11,-10,3,m,-1,Empty
11,-9,1,m,-1,Empty
11,-8,3,m,-1,Empty
11,-7,2,m,-1,Empty
11,-6,0,m,-1,Empty
11,-5,1,m,-1,Empty
11,-4,0,m,-1,Empty
11,-3,0,m,-1,Empty
11,-2,0,m,-1,Empty
11,-1,0,m,-1,Empty
11,0,0,m,0,Social
11,1,0,m,0,Social
11,2,0,m,0,Social
11,3,2,m,0,Social
11,4,0,m,0,Social
11,5,0,m,0,Social
11,6,4,m,0,Social
11,7,23,m,0,Social
11,8,11,m,0,Social
11,9,15,m,0,Social
11,10,11,m,0,Social
11,11,16,m,0,Social
11,12,5,m,0,Social
11,13,8,m,0,Social
11,14,9,m,0,Social
11,15,2,m,0,Social
11,16,4,m,0,Social
11,17,3,m,0,Social
11,18,9,m,0,Social
11,19,0,m,0,Social
11,20,4,m,0,Social
11,21,0,m,0,Social
11,22,6,m,0,Social
11,23,0,m,0,Social
11,24,1,m,1,Social
11,25,0,m,1,Social
11,26,1,m,1,Social
11,27,8,m,1,Social
11,28,0,m,1,Social
11,29,5,m,1,Social
11,30,2,m,1,Social
11,31,6,m,1,Social
11,32,4,m,1,Social
11,33,9,m,1,Social
11,34,9,m,1,Social
11,35,4,m,1,Social
11,36,10,m,1,Social
11,37,11,m,1,Social
11,38,18,m,1,Social
11,39,3,m,1,Social
11,40,4,m,1,Social
11,41,17,m,1,Social
11,42,5,m,1,Social
11,43,0,m,1,Social
11,44,4,m,1,Social
11,45,0,m,1,Social
11,46,0,m,1,Social
11,47,1,m,1,Social
11,48,0,m,2,Social
11,49,3,m,2,Social
11,50,5,m,2,Social
11,51,5,m,2,Social
11,52,2,m,2,Social
11,53,1,m,2,Social
11,54,5,m,2,Social
11,55,4,m,2,Social
11,56,8,m,2,Social
11,57,2,m,2,Social
11,58,6,m,2,Social
11,59,0,m,2,Social
11,60,6,m,2,Social
11,61,6,m,2,Social
11,62,0,m,2,Social
11,63,6,m,2,Social
11,64,1,m,2,Social
11,65,9,m,2,Social
11,66,0,m,2,Social
11,67,1,m,2,Social
11,68,0,m,2,Social
11,69,2,m,2,Social
11,70,0,m,2,Social
11,71,0,m,2,Social
11,72,0,m,3,Social
11,73,2,m,3,Social
11,74,6,m,3,Social
11,75,1,m,3,Social
11,76,1,m,3,Social
11,77,0,m,3,Social
11,78,7,m,3,Social
11,79,8,m,3,Social
11,80,4,m,3,Social
11,81,5,m,3,Social
11,82,0,m,3,Social
11,83,4,m,3,Social
11,84,4,m,3,Social
11,85,1,m,3,Social
11,86,4,m,3,Social
11,87,3,m,3,Social
11,88,4,m,3,Social
11,89,4,m,3,Social
11,90,0,m,3,Social
11,91,0,m,3,Social
11,92,0,m,3,Social
11,93,0,m,3,Social
11,94,2,m,3,Social
11,95,0,m,3,Social
11,96,0,m,4,Social
11,97,0,m,4,Social
11,98,5,m,4,Social
11,99,0,m,4,Social
11,100,3,m,4,Social
11,101,0,m,4,Social
11,102,7,m,4,Social
11,103,4,m,4,Social
11,104,7,m,4,Social
11,105,1,m,4,Social
11,106,3,m,4,Social
11,107,0,m,4,Social
11,108,3,m,4,Social
11,109,0,m,4,Social
11,110,2,m,4,Social
11,111,2,m,4,Social
11,112,6,m,4,Social
11,113,0,m,4,Social
11,114,2,m,4,Social
11,115,0,m,4,Social
11,116,0,m,4,Social
11,117,0,m,4,Social
11,118,1,m,4,Social
11,119,0,m,4,Social
11,120,0,m,5,Social
11,121,3,m,5,Social
11,122,5,m,5,Social
11,123,1,m,5,Social
11,124,1,m,5,Social
11,125,2,m,5,Social
11,126,5,m,5,Social
11,127,8,m,5,Social
11,128,2,m,5,Social
11,129,4,m,5,Social
11,130,3,m,5,Social
11,131,5,m,5,Social
11,132,2,m,5,Social
11,133,4,m,5,Social
11,134,4,m,5,Social
11,135,4,m,5,Social
11,136,4,m,5,Social
11,137,2,m,5,Social
11,138,1,m,5,Social
11,139,0,m,5,Social
11,140,0,m,5,Social
11,141,0,m,5,Social
11,142,1,m,5,Social
11,143,1,m,5,Social
11,144,0,m,6,Social
11,145,5,m,6,Social
11,146,0,m,6,Social
11,147,3,m,6,Social
11,148,0,m,6,Social
11,149,0,m,6,Social
11,150,3,m,6,Social
11,151,5,m,6,Social
11,152,5,m,6,Social
11,153,3,m,6,Social
11,154,4,m,6,Social
11,155,5,m,6,Social
11,156,6,m,6,Social
11,157,3,m,6,Social
11,158,6,m,6,Social
11,159,8,m,6,Social
11,160,1,m,6,Social
11,161,8,m,6,Social
11,162,2,m,6,Social
11,163,2,m,6,Social
11,164,0,m,6,Social
11,165,0,m,6,Social
11,166,2,m,6,Social
11,167,0,m,6,Social
11,168,2,m,7,Social
11,169,0,m,7,Social
11,170,5,m,7,Social
11,171,0,m,7,Social
11,172,0,m,7,Social
11,173,2,m,7,Social
11,174,6,m,7,Social
11,175,6,m,7,Social
11,176,11,m,7,Social
11,177,2,m,7,Social
11,178,2,m,7,Social
11,179,3,m,7,Social
11,180,4,m,7,Social
11,181,4,m,7,Social
11,182,5,m,7,Social
11,183,2,m,7,Social
11,184,7,m,7,Social
11,185,2,m,7,Social
11,186,0,m,7,Social
11,187,0,m,7,Social
11,188,3,m,7,Social
11,189,0,m,7,Social
11,190,0,m,7,Social
11,191,1,m,7,Social
11,192,0,m,8,Social
11,193,3,m,8,Social
11,194,3,m,8,Social
11,195,0,m,8,Social
11,196,0,m,8,Social
11,197,1,m,8,Social
11,198,2,m,8,Social
11,199,6,m,8,Social
11,200,7,m,8,Social
11,201,3,m,8,Social
11,202,4,m,8,Social
11,203,7,m,8,Social
11,204,2,m,8,Social
11,205,3,m,8,Social
11,206,8,m,8,Social
11,207,1,m,8,Social
11,208,2,m,8,Social
11,209,5,m,8,Social
11,210,0,m,8,Social
11,211,0,m,8,Social
11,212,0,m,8,Social
11,213,3,m,8,Social
11,214,0,m,8,Social
11,215,0,m,8,Social
11,216,0,m,9,Extinction
11,217,0,m,9,Extinction
11,218,0,m,9,Extinction
11,219,7,m,9,Extinction
11,220,2,m,9,Extinction
11,221,0,m,9,Extinction
11,222,10,m,9,Extinction
11,223,9,m,9,Extinction
11,224,3,m,9,Extinction
11,225,5,m,9,Extinction
11,226,10,m,9,Extinction
11,227,1,m,9,Extinction
11,228,5,m,9,Extinction
11,229,1,m,9,Extinction
11,230,1,m,9,Extinction
11,231,2,m,9,Extinction
11,232,7,m,9,Extinction
11,233,5,m,9,Extinction
11,234,1,m,9,Extinction
11,235,0,m,9,Extinction
11,236,2,m,9,Extinction
11,237,0,m,9,Extinction
11,238,3,m,9,Extinction
11,239,0,m,9,Extinction
11,240,0,m,10,Extinction
11,241,2,m,10,Extinction
11,242,8,m,10,Extinction
11,243,5,m,10,Extinction
11,244,1,m,10,Extinction
11,245,3,m,10,Extinction
11,246,1,m,10,Extinction
11,247,4,m,10,Extinction
11,248,1,m,10,Extinction
11,249,4,m,10,Extinction
11,250,3,m,10,Extinction
11,251,0,m,10,Extinction
11,252,0,m,10,Extinction
11,253,0,m,10,Extinction
11,254,3,m,10,Extinction
11,255,1,m,10,Extinction
11,256,1,m,10,Extinction
11,257,2,m,10,Extinction
11,258,0,m,10,Extinction
11,259,0,m,10,Extinction
11,260,0,m,10,Extinction
11,261,0,m,10,Extinction
11,262,0,m,10,Extinction
11,263,1,m,10,Extinction
11,264,0,m,11,Extinction
11,265,0,m,11,Extinction
11,266,4,m,11,Extinction
11,267,0,m,11,Extinction
11,268,0,m,11,Extinction
11,269,0,m,11,Extinction
11,270,2,m,11,Extinction
11,271,3,m,11,Extinction
11,272,2,m,11,Extinction
11,273,4,m,11,Extinction
11,274,3,m,11,Extinction
11,275,0,m,11,Extinction
11,276,4,m,11,Extinction
11,277,0,m,11,Extinction
11,278,0,m,11,Extinction
11,279,2,m,11,Extinction
11,280,5,m,11,Extinction
11,281,1,m,11,Extinction
11,282,3,m,11,Extinction
11,283,0,m,11,Extinction
11,284,0,m,11,Extinction
11,285,0,m,11,Extinction
11,286,0,m,11,Extinction
11,287,0,m,11,Extinction
11,288,0,m,12,Extinction
11,289,1,m,12,Extinction
11,290,0,m,12,Extinction
11,291,0,m,12,Extinction
11,292,0,m,12,Extinction
11,293,1,m,12,Extinction
11,294,5,m,12,Extinction
11,295,3,m,12,Extinction
11,296,4,m,12,Extinction
11,297,4,m,12,Extinction
11,298,0,m,12,Extinction
11,299,0,m,12,Extinction
11,300,2,m,12,Extinction
11,301,0,m,12,Extinction
11,302,0,m,12,Extinction
11,303,1,m,12,Extinction
11,304,4,m,12,Extinction
11,305,0,m,12,Extinction
11,306,0,m,12,Extinction
11,307,0,m,12,Extinction
11,308,0,m,12,Extinction
11,309,0,m,12,Extinction
11,310,0,m,12,Extinction
11,311,0,m,12,Extinction
12,-96,0,m,-4,Empty
12,-95,0,m,-4,Empty
12,-94,0,m,-4,Empty
12,-93,0,m,-4,Empty
12,-92,1,m,-4,Empty
12,-91,0,m,-4,Empty
12,-90,1,m,-4,Empty
12,-89,0,m,-4,Empty
12,-88,0,m,-4,Empty
12,-87,2,m,-4,Empty
12,-86,2,m,-4,Empty
12,-85,2,m,-4,Empty
12,-84,0,m,-4,Empty
12,-83,0,m,-4,Empty
12,-82,1,m,-4,Empty
12,-81,3,m,-4,Empty
12,-80,1,m,-4,Empty
12,-79,0,m,-4,Empty
12,-78,0,m,-4,Empty
12,-77,0,m,-4,Empty
12,-76,0,m,-4,Empty
12,-75,1,m,-4,Empty
12,-74,0,m,-4,Empty
12,-73,0,m,-4,Empty
12,-72,0,m,-3,Empty
12,-71,3,m,-3,Empty
12,-70,0,m,-3,Empty
12,-69,0,m,-3,Empty
12,-68,1,m,-3,Empty
12,-67,0,m,-3,Empty
12,-66,6,m,-3,Empty
12,-65,5,m,-3,Empty
12,-64,1,m,-3,Empty
12,-63,8,m,-3,Empty
12,-62,4,m,-3,Empty
12,-61,3,m,-3,Empty
12,-60,4,m,-3,Empty
12,-59,0,m,-3,Empty
12,-58,3,m,-3,Empty
12,-57,2,m,-3,Empty
12,-56,2,m,-3,Empty
12,-55,1,m,-3,Empty
12,-54,1,m,-3,Empty
12,-53,0,m,-3,Empty
12,-52,0,m,-3,Empty
12,-51,1,m,-3,Empty
12,-50,1,m,-3,Empty
12,-49,0,m,-3,Empty
12,-48,0,m,-2,Empty
12,-47,1,m,-2,Empty
12,-46,1,m,-2,Empty
12,-45,0,m,-2,Empty
12,-44,0,m,-2,Empty
12,-43,1,m,-2,Empty
12,-42,1,m,-2,Empty
12,-41,2,m,-2,Empty
12,-40,1,m,-2,Empty
12,-39,0,m,-2,Empty
12,-38,0,m,-2,Empty
12,-37,1,m,-2,Empty
12,-36,5,m,-2,Empty
12,-35,1,m,-2,Empty
12,-34,2,m,-2,Empty
12,-33,0,m,-2,Empty
12,-32,4,m,-2,Empty
12,-31,1,m,-2,Empty
12,-30,1,m,-2,Empty
12,-29,0,m,-2,Empty
12,-28,1,m,-2,Empty
12,-27,0,m,-2,Empty
12,-26,0,m,-2,Empty
12,-25,0,m,-2,Empty
12,-24,0,m,-1,Empty
12,-23,0,m,-1,Empty
12,-22,0,m,-1,Empty
12,-21,1,m,-1,Empty
12,-20,0,m,-1,Empty
12,-19,0,m,-1,Empty
12,-18,1,m,-1,Empty
12,-17,3,m,-1,Empty
12,-16,3,m,-1,Empty
12,-15,1,m,-1,Empty
12,-14,5,m,-1,Empty
12,-13,1,m,-1,Empty
12,-12,5,m,-1,Empty
12,-11,4,m,-1,Empty
12,-10,0,m,-1,Empty
12,-9,3,m,-1,Empty
12,-8,3,m,-1,Empty
12,-7,0,m,-1,Empty
12,-6,0,m,-1,Empty
12,-5,0,m,-1,Empty
12,-4,0,m,-1,Empty
12,-3,0,m,-1,Empty
12,-2,0,m,-1,Empty
12,-1,0,m,-1,Empty
12,0,0,m,0,Social
12,1,2,m,0,Social
12,2,0,m,0,Social
12,3,5,m,0,Social
12,4,4,m,0,Social
12,5,4,m,0,Social
12,6,4,m,0,Social
12,7,4,m,0,Social
12,8,10,m,0,Social
12,9,5,m,0,Social
12,10,7,m,0,Social
12,11,9,m,0,Social
12,12,2,m,0,Social
12,13,2,m,0,Social
12,14,12,m,0,Social
12,15,8,m,0,Social
12,16,12,m,0,Social
12,17,0,m,0,Social
12,18,11,m,0,Social
12,19,0,m,0,Social
12,20,0,m,0,Social
12,21,8,m,0,Social
12,22,0,m,0,Social
12,23,5,m,0,Social
12,24,0,m,1,Social
12,25,4,m,1,Social
12,26,1,m,1,Social
12,27,7,m,1,Social
12,28,2,m,1,Social
12,29,4,m,1,Social
12,30,3,m,1,Social
12,31,13,m,1,Social
12,32,3,m,1,Social
12,33,10,m,1,Social
12,34,6,m,1,Social
12,35,4,m,1,Social
12,36,5,m,1,Social
12,37,0,m,1,Social
12,38,6,m,1,Social
12,39,2,m,1,Social
12,40,8,m,1,Social
12,41,1,m,1,Social
12,42,9,m,1,Social
12,43,0,m,1,Social
12,44,1,m,1,Social
12,45,2,m,1,Social
12,46,0,m,1,Social
12,47,1,m,1,Social
12,48,1,m,2,Social
12,49,7,m,2,Social
12,50,2,m,2,Social
12,51,1,m,2,Social
12,52,5,m,2,Social
12,53,0,m,2,Social
12,54,8,m,2,Social
12,55,6,m,2,Social
12,56,4,m,2,Social
12,57,3,m,2,Social
12,58,3,m,2,Social
12,59,15,m,2,Social
12,60,5,m,2,Social
12,61,0,m,2,Social
12,62,0,m,2,Social
12,63,8,m,2,Social
12,64,0,m,2,Social
12,65,0,m,2,Social
12,66,0,m,2,Social
12,67,0,m,2,Social
12,68,0,m,2,Social
12,69,0,m,2,Social
12,70,0,m,2,Social
12,71,0,m,2,Social
12,72,0,m,3,Social
12,73,0,m,3,Social
12,74,1,m,3,Social
12,75,0,m,3,Social
12,76,1,m,3,Social
12,77,2,m,3,Social
12,78,0,m,3,Social
12,79,18,m,3,Social
12,80,0,m,3,Social
12,81,0,m,3,Social
12,82,1,m,3,Social
12,83,9,m,3,Social
12,84,1,m,3,Social
12,85,10,m,3,Social
12,86,0,m,3,Social
12,87,0,m,3,Social
12,88,9,m,3,Social
12,89,8,m,3,Social
12,90,1,m,3,Social
12,91,0,m,3,Social
12,92,0,m,3,Social
12,93,0,m,3,Social
12,94,0,m,3,Social
12,95,0,m,3,Social
12,96,0,m,4,Social
12,97,2,m,4,Social
12,98,2,m,4,Social
12,99,0,m,4,Social
12,100,2,m,4,Social
12,101,6,m,4,Social
12,102,6,m,4,Social
12,103,9,m,4,Social
12,104,7,m,4,Social
12,105,5,m,4,Social
12,106,6,m,4,Social
12,107,5,m,4,Social
12,108,0,m,4,Social
12,109,8,m,4,Social
12,110,5,m,4,Social
12,111,0,m,4,Social
12,112,3,m,4,Social
12,113,13,m,4,Social
12,114,2,m,4,Social
12,115,0,m,4,Social
12,116,0,m,4,Social
12,117,0,m,4,Social
12,118,0,m,4,Social
12,119,0,m,4,Social
12,120,0,m,5,Social
12,121,0,m,5,Social
12,122,4,m,5,Social
12,123,1,m,5,Social
12,124,0,m,5,Social
12,125,2,m,5,Social
12,126,11,m,5,Social
12,127,6,m,5,Social
12,128,12,m,5,Social
12,129,7,m,5,Social
12,130,3,m,5,Social
12,131,6,m,5,Social
12,132,2,m,5,Social
12,133,8,m,5,Social
12,134,2,m,5,Social
12,135,6,m,5,Social
12,136,7,m,5,Social
12,137,1,m,5,Social
12,138,0,m,5,Social
12,139,0,m,5,Social
12,140,1,m,5,Social
12,141,0,m,5,Social
12,142,0,m,5,Social
12,143,0,m,5,Social
12,144,0,m,6,Social
12,145,7,m,6,Social
12,146,0,m,6,Social
12,147,0,m,6,Social
12,148,1,m,6,Social
12,149,0,m,6,Social
12,150,14,m,6,Social
12,151,12,m,6,Social
12,152,3,m,6,Social
12,153,3,m,6,Social
12,154,6,m,6,Social
12,155,3,m,6,Social
12,156,1,m,6,Social
12,157,4,m,6,Social
12,158,2,m,6,Social
12,159,2,m,6,Social
12,160,9,m,6,Social
12,161,0,m,6,Social
12,162,0,m,6,Social
12,163,0,m,6,Social
12,164,0,m,6,Social
12,165,3,m,6,Social
12,166,0,m,6,Social
12,167,0,m,6,Social
12,168,0,m,7,Social
12,169,0,m,7,Social
12,170,3,m,7,Social
12,171,0,m,7,Social
12,172,0,m,7,Social
12,173,1,m,7,Social
12,174,5,m,7,Social
12,175,7,m,7,Social
12,176,4,m,7,Social
12,177,5,m,7,Social
12,178,3,m,7,Social
12,179,2,m,7,Social
12,180,1,m,7,Social
12,181,3,m,7,Social
12,182,3,m,7,Social
12,183,6,m,7,Social
12,184,0,m,7,Social
12,185,3,m,7,Social
12,186,1,m,7,Social
12,187,0,m,7,Social
12,188,0,m,7,Social
12,189,3,m,7,Social
12,190,0,m,7,Social
12,191,0,m,7,Social
12,192,0,m,8,Social
12,193,3,m,8,Social
12,194,3,m,8,Social
12,195,0,m,8,Social
12,196,0,m,8,Social
12,197,0,m,8,Social
12,198,6,m,8,Social
12,199,6,m,8,Social
12,200,4,m,8,Social
12,201,5,m,8,Social
12,202,4,m,8,Social
12,203,7,m,8,Social
12,204,1,m,8,Social
12,205,2,m,8,Social
12,206,2,m,8,Social
12,207,2,m,8,Social
12,208,9,m,8,Social
12,209,1,m,8,Social
12,210,0,m,8,Social
12,211,0,m,8,Social
12,212,2,m,8,Social
12,213,0,m,8,Social
12,214,0,m,8,Social
12,215,2,m,8,Social
12,216,0,m,9,Extinction
12,217,0,m,9,Extinction
12,218,0,m,9,Extinction
12,219,5,m,9,Extinction
12,220,6,m,9,Extinction
12,221,0,m,9,Extinction
12,222,6,m,9,Extinction
12,223,7,m,9,Extinction
12,224,0,m,9,Extinction
12,225,3,m,9,Extinction
12,226,8,m,9,Extinction
12,227,0,m,9,Extinction
12,228,3,m,9,Extinction
12,229,4,m,9,Extinction
12,230,1,m,9,Extinction
12,231,0,m,9,Extinction
12,232,4,m,9,Extinction
12,233,1,m,9,Extinction
12,234,0,m,9,Extinction
12,235,0,m,9,Extinction
12,236,0,m,9,Extinction
12,237,0,m,9,Extinction
12,238,0,m,9,Extinction
12,239,0,m,9,Extinction
12,240,0,m,10,Extinction
12,241,0,m,10,Extinction
12,242,9,m,10,Extinction
12,243,6,m,10,Extinction
12,244,0,m,10,Extinction
12,245,2,m,10,Extinction
12,246,2,m,10,Extinction
12,247,1,m,10,Extinction
12,248,4,m,10,Extinction
12,249,1,m,10,Extinction
12,250,1,m,10,Extinction
12,251,1,m,10,Extinction
12,252,1,m,10,Extinction
12,253,0,m,10,Extinction
12,254,0,m,10,Extinction
12,255,0,m,10,Extinction
12,256,2,m,10,Extinction
12,257,0,m,10,Extinction
12,258,0,m,10,Extinction
12,259,0,m,10,Extinction
12,260,1,m,10,Extinction
12,261,0,m,10,Extinction
12,262,0,m,10,Extinction
12,263,0,m,10,Extinction
12,264,0,m,11,Extinction
12,265,0,m,11,Extinction
12,266,2,m,11,Extinction
12,267,1,m,11,Extinction
12,268,2,m,11,Extinction
12,269,0,m,11,Extinction
12,270,4,m,11,Extinction
12,271,2,m,11,Extinction
12,272,4,m,11,Extinction
12,273,1,m,11,Extinction
12,274,0,m,11,Extinction
12,275,1,m,11,Extinction
12,276,0,m,11,Extinction
12,277,1,m,11,Extinction
12,278,0,m,11,Extinction
12,279,2,m,11,Extinction
12,280,2,m,11,Extinction
12,281,5,m,11,Extinction
12,282,0,m,11,Extinction
12,283,0,m,11,Extinction
12,284,0,m,11,Extinction
12,285,0,m,11,Extinction
12,286,0,m,11,Extinction
12,287,0,m,11,Extinction
12,288,0,m,12,Extinction
12,289,0,m,12,Extinction
12,290,0,m,12,Extinction
12,291,0,m,12,Extinction
12,292,0,m,12,Extinction
12,293,1,m,12,Extinction
12,294,2,m,12,Extinction
12,295,4,m,12,Extinction
12,296,2,m,12,Extinction
12,297,0,m,12,Extinction
12,298,3,m,12,Extinction
12,299,3,m,12,Extinction
12,300,1,m,12,Extinction
12,301,0,m,12,Extinction
12,302,3,m,12,Extinction
12,303,0,m,12,Extinction
12,304,2,m,12,Extinction
12,305,2,m,12,Extinction
12,306,1,m,12,Extinction
12,307,0,m,12,Extinction
12,308,0,m,12,Extinction
12,309,0,m,12,Extinction
12,310,0,m,12,Extinction
12,311,0,m,12,Extinction
14,-96,1,f,-4,Empty
14,-95,0,f,-4,Empty
14,-94,0,f,-4,Empty
14,-93,0,f,-4,Empty
14,-92,0,f,-4,Empty
14,-91,0,f,-4,Empty
14,-90,1,f,-4,Empty
14,-89,1,f,-4,Empty
14,-88,2,f,-4,Empty
14,-87,8,f,-4,Empty
14,-86,2,f,-4,Empty
14,-85,0,f,-4,Empty
14,-84,0,f,-4,Empty
14,-83,6,f,-4,Empty
14,-82,4,f,-4,Empty
14,-81,0,f,-4,Empty
14,-80,3,f,-4,Empty
14,-79,4,f,-4,Empty
14,-78,0,f,-4,Empty
14,-77,0,f,-4,Empty
14,-76,2,f,-4,Empty
14,-75,0,f,-4,Empty
14,-74,0,f,-4,Empty
14,-73,0,f,-4,Empty
14,-72,0,f,-3,Empty
14,-71,0,f,-3,Empty
14,-70,0,f,-3,Empty
14,-69,0,f,-3,Empty
14,-68,0,f,-3,Empty
14,-67,1,f,-3,Empty
14,-66,0,f,-3,Empty
14,-65,0,f,-3,Empty
14,-64,2,f,-3,Empty
14,-63,2,f,-3,Empty
14,-62,2,f,-3,Empty
14,-61,2,f,-3,Empty
14,-60,0,f,-3,Empty
14,-59,1,f,-3,Empty
14,-58,0,f,-3,Empty
14,-57,4,f,-3,Empty
14,-56,3,f,-3,Empty
14,-55,0,f,-3,Empty
14,-54,1,f,-3,Empty
14,-53,0,f,-3,Empty
14,-52,0,f,-3,Empty
14,-51,1,f,-3,Empty
14,-50,0,f,-3,Empty
14,-49,1,f,-3,Empty
14,-48,1,f,-2,Empty
14,-47,2,f,-2,Empty
14,-46,1,f,-2,Empty
14,-45,0,f,-2,Empty
14,-44,0,f,-2,Empty
14,-43,0,f,-2,Empty
14,-42,1,f,-2,Empty
14,-41,2,f,-2,Empty
14,-40,1,f,-2,Empty
14,-39,2,f,-2,Empty
14,-38,6,f,-2,Empty
14,-37,1,f,-2,Empty
14,-36,1,f,-2,Empty
14,-35,0,f,-2,Empty
14,-34,2,f,-2,Empty
14,-33,0,f,-2,Empty
14,-32,1,f,-2,Empty
14,-31,0,f,-2,Empty
14,-30,2,f,-2,Empty
14,-29,0,f,-2,Empty
14,-28,1,f,-2,Empty
14,-27,0,f,-2,Empty
14,-26,0,f,-2,Empty
14,-25,0,f,-2,Empty
14,-24,0,f,-1,Empty
14,-23,0,f,-1,Empty
14,-22,0,f,-1,Empty
14,-21,0,f,-1,Empty
14,-20,1,f,-1,Empty
14,-19,0,f,-1,Empty
14,-18,0,f,-1,Empty
14,-17,2,f,-1,Empty
14,-16,3,f,-1,Empty
14,-15,2,f,-1,Empty
14,-14,6,f,-1,Empty
14,-13,5,f,-1,Empty
14,-12,0,f,-1,Empty
14,-11,5,f,-1,Empty
14,-10,0,f,-1,Empty
14,-9,2,f,-1,Empty
14,-8,1,f,-1,Empty
14,-7,0,f,-1,Empty
14,-6,1,f,-1,Empty
14,-5,0,f,-1,Empty
14,-4,0,f,-1,Empty
14,-3,1,f,-1,Empty
14,-2,0,f,-1,Empty
14,-1,0,f,-1,Empty
14,0,1,f,0,Social
14,1,2,f,0,Social
14,2,1,f,0,Social
14,3,0,f,0,Social
14,4,0,f,0,Social
14,5,0,f,0,Social
14,6,0,f,0,Social
14,7,5,f,0,Social
14,8,6,f,0,Social
14,9,9,f,0,Social
14,10,9,f,0,Social
14,11,5,f,0,Social
14,12,12,f,0,Social
14,13,2,f,0,Social
14,14,1,f,0,Social
14,15,3,f,0,Social
14,16,5,f,0,Social
14,17,2,f,0,Social
14,18,1,f,0,Social
14,19,0,f,0,Social
14,20,5,f,0,Social
14,21,1,f,0,Social
14,22,1,f,0,Social
14,23,6,f,0,Social
14,24,1,f,1,Social
14,25,0,f,1,Social
14,26,0,f,1,Social
14,27,0,f,1,Social
14,28,0,f,1,Social
14,29,0,f,1,Social
14,30,5,f,1,Social
14,31,6,f,1,Social
14,32,8,f,1,Social
14,33,5,f,1,Social
14,34,7,f,1,Social
14,35,11,f,1,Social
14,36,1,f,1,Social
14,37,0,f,1,Social
14,38,12,f,1,Social
14,39,0,f,1,Social
14,40,7,f,1,Social
14,41,2,f,1,Social
14,42,7,f,1,Social
14,43,0,f,1,Social
14,44,3,f,1,Social
14,45,0,f,1,Social
14,46,2,f,1,Social
14,47,0,f,1,Social
14,48,1,f,2,Social
14,49,1,f,2,Social
14,50,2,f,2,Social
14,51,0,f,2,Social
14,52,0,f,2,Social
14,53,0,f,2,Social
14,54,6,f,2,Social
14,55,13,f,2,Social
14,56,9,f,2,Social
14,57,8,f,2,Social
14,58,1,f,2,Social
14,59,6,f,2,Social
14,60,5,f,2,Social
14,61,2,f,2,Social
14,62,2,f,2,Social
14,63,7,f,2,Social
14,64,4,f,2,Social
14,65,0,f,2,Social
14,66,3,f,2,Social
14,67,0,f,2,Social
14,68,0,f,2,Social
14,69,0,f,2,Social
14,70,1,f,2,Social
14,71,0,f,2,Social
14,72,0,f,3,Social
14,73,0,f,3,Social
14,74,0,f,3,Social
14,75,0,f,3,Social
14,76,0,f,3,Social
14,77,0,f,3,Social
14,78,6,f,3,Social
14,79,11,f,3,Social
14,80,6,f,3,Social
14,81,7,f,3,Social
14,82,5,f,3,Social
14,83,4,f,3,Social
14,84,8,f,3,Social
14,85,0,f,3,Social
14,86,7,f,3,Social
14,87,2,f,3,Social
14,88,2,f,3,Social
14,89,3,f,3,Social
14,90,4,f,3,Social
14,91,1,f,3,Social
14,92,0,f,3,Social
14,93,2,f,3,Social
14,94,1,f,3,Social
14,95,0,f,3,Social
14,96,0,f,4,Social
14,97,3,f,4,Social
14,98,0,f,4,Social
14,99,1,f,4,Social
14,100,0,f,4,Social
14,101,1,f,4,Social
14,102,5,f,4,Social
14,103,5,f,4,Social
14,104,13,f,4,Social
14,105,4,f,4,Social
14,106,5,f,4,Social
14,107,9,f,4,Social
14,108,2,f,4,Social
14,109,5,f,4,Social
14,110,7,f,4,Social
14,111,3,f,4,Social
14,112,5,f,4,Social
14,113,1,f,4,Social
14,114,2,f,4,Social
14,115,3,f,4,Social
14,116,0,f,4,Social
14,117,1,f,4,Social
14,118,0,f,4,Social
14,119,0,f,4,Social
14,120,0,f,5,Social
14,121,0,f,5,Social
14,122,0,f,5,Social
14,123,0,f,5,Social
14,124,0,f,5,Social
14,125,2,f,5,Social
14,126,11,f,5,Social
14,127,8,f,5,Social
14,128,8,f,5,Social
14,129,1,f,5,Social
14,130,6,f,5,Social
14,131,3,f,5,Social
14,132,10,f,5,Social
14,133,3,f,5,Social
14,134,4,f,5,Social
14,135,3,f,5,Social
14,136,1,f,5,Social
14,137,3,f,5,Social
14,138,3,f,5,Social
14,139,0,f,5,Social
14,140,3,f,5,Social
14,141,3,f,5,Social
14,142,0,f,5,Social
14,143,0,f,5,Social
14,144,3,f,6,Social
14,145,1,f,6,Social
14,146,0,f,6,Social
14,147,2,f,6,Social
14,148,2,f,6,Social
14,149,2,f,6,Social
14,150,6,f,6,Social
14,151,4,f,6,Social
14,152,11,f,6,Social
14,153,11,f,6,Social
14,154,0,f,6,Social
14,155,7,f,6,Social
14,156,9,f,6,Social
14,157,7,f,6,Social
14,158,2,f,6,Social
14,159,4,f,6,Social
14,160,6,f,6,Social
14,161,0,f,6,Social
14,162,0,f,6,Social
14,163,4,f,6,Social
14,164,0,f,6,Social
14,165,0,f,6,Social
14,166,2,f,6,Social
14,167,0,f,6,Social
14,168,2,f,7,Social
14,169,2,f,7,Social
14,170,0,f,7,Social
14,171,0,f,7,Social
14,172,3,f,7,Social
14,173,0,f,7,Social
14,174,5,f,7,Social
14,175,9,f,7,Social
14,176,4,f,7,Social
14,177,5,f,7,Social
14,178,10,f,7,Social
14,179,2,f,7,Social
14,180,0,f,7,Social
14,181,12,f,7,Social
14,182,15,f,7,Social
14,183,7,f,7,Social
14,184,0,f,7,Social
14,185,3,f,7,Social
14,186,5,f,7,Social
14,187,0,f,7,Social
14,188,4,f,7,Social
14,189,0,f,7,Social
14,190,0,f,7,Social
14,191,3,f,7,Social
14,192,0,f,8,Social
14,193,0,f,8,Social
14,194,0,f,8,Social
14,195,2,f,8,Social
14,196,0,f,8,Social
14,197,1,f,8,Social
14,198,12,f,8,Social
14,199,10,f,8,Social
14,200,7,f,8,Social
14,201,9,f,8,Social
14,202,1,f,8,Social
14,203,1,f,8,Social
14,204,8,f,8,Social
14,205,10,f,8,Social
14,206,8,f,8,Social
14,207,1,f,8,Social
14,208,2,f,8,Social
14,209,4,f,8,Social
14,210,1,f,8,Social
14,211,0,f,8,Social
14,212,1,f,8,Social
14,213,1,f,8,Social
14,214,2,f,8,Social
14,215,0,f,8,Social
14,216,1,f,9,Extinction
14,217,2,f,9,Extinction
14,218,0,f,9,Extinction
14,219,4,f,9,Extinction
14,220,1,f,9,Extinction
14,221,0,f,9,Extinction
14,222,6,f,9,Extinction
14,223,7,f,9,Extinction
14,224,7,f,9,Extinction
14,225,18,f,9,Extinction
14,226,9,f,9,Extinction
14,227,0,f,9,Extinction
14,228,7,f,9,Extinction
14,229,9,f,9,Extinction
14,230,1,f,9,Extinction
14,231,6,f,9,Extinction
14,232,2,f,9,Extinction
14,233,3,f,9,Extinction
14,234,3,f,9,Extinction
14,235,0,f,9,Extinction
14,236,0,f,9,Extinction
14,237,0,f,9,Extinction
14,238,4,f,9,Extinction
14,239,0,f,9,Extinction
14,240,1,f,10,Extinction
14,241,0,f,10,Extinction
14,242,6,f,10,Extinction
14,243,8,f,10,Extinction
14,244,1,f,10,Extinction
14,245,1,f,10,Extinction
14,246,6,f,10,Extinction
14,247,5,f,10,Extinction
14,248,5,f,10,Extinction
14,249,5,f,10,Extinction
14,250,4,f,10,Extinction
14,251,2,f,10,Extinction
14,252,2,f,10,Extinction
14,253,1,f,10,Extinction
14,254,4,f,10,Extinction
14,255,3,f,10,Extinction
14,256,2,f,10,Extinction
14,257,2,f,10,Extinction
14,258,3,f,10,Extinction
14,259,0,f,10,Extinction
14,260,2,f,10,Extinction
14,261,0,f,10,Extinction
14,262,0,f,10,Extinction
14,263,1,f,10,Extinction
14,264,0,f,11,Extinction
14,265,3,f,11,Extinction
14,266,2,f,11,Extinction
14,267,0,f,11,Extinction
14,268,0,f,11,Extinction
14,269,2,f,11,Extinction
14,270,3,f,11,Extinction
14,271,3,f,11,Extinction
14,272,6,f,11,Extinction
14,273,5,f,11,Extinction
14,274,4,f,11,Extinction
14,275,0,f,11,Extinction
14,276,1,f,11,Extinction
14,277,3,f,11,Extinction
14,278,0,f,11,Extinction
14,279,4,f,11,Extinction
14,280,3,f,11,Extinction
14,281,2,f,11,Extinction
14,282,1,f,11,Extinction
14,283,1,f,11,Extinction
14,284,0,f,11,Extinction
14,285,0,f,11,Extinction
14,286,0,f,11,Extinction
14,287,0,f,11,Extinction
14,288,2,f,12,Extinction
14,289,2,f,12,Extinction
14,290,0,f,12,Extinction
14,291,1,f,12,Extinction
14,292,1,f,12,Extinction
14,293,1,f,12,Extinction
14,294,3,f,12,Extinction
14,295,3,f,12,Extinction
14,296,3,f,12,Extinction
14,297,4,f,12,Extinction
14,298,3,f,12,Extinction
14,299,0,f,12,Extinction
14,300,2,f,12,Extinction
14,301,6,f,12,Extinction
14,302,1,f,12,Extinction
14,303,4,f,12,Extinction
14,304,2,f,12,Extinction
14,305,0,f,12,Extinction
14,306,1,f,12,Extinction
14,307,0,f,12,Extinction
14,308,0,f,12,Extinction
14,309,1,f,12,Extinction
14,310,0,f,12,Extinction
14,311,1,f,12,Extinction
15,-96,0,f,-4,Empty
15,-95,0,f,-4,Empty
15,-94,0,f,-4,Empty
15,-93,0,f,-4,Empty
15,-92,4,f,-4,Empty
15,-91,0,f,-4,Empty
15,-90,0,f,-4,Empty
15,-89,3,f,-4,Empty
15,-88,5,f,-4,Empty
15,-87,1,f,-4,Empty
15,-86,6,f,-4,Empty
15,-85,3,f,-4,Empty
15,-84,1,f,-4,Empty
15,-83,0,f,-4,Empty
15,-82,4,f,-4,Empty
15,-81,2,f,-4,Empty
15,-80,1,f,-4,Empty
15,-79,1,f,-4,Empty
15,-78,1,f,-4,Empty
15,-77,0,f,-4,Empty
15,-76,0,f,-4,Empty
15,-75,1,f,-4,Empty
15,-74,0,f,-4,Empty
15,-73,1,f,-4,Empty
15,-72,0,f,-3,Empty
15,-71,0,f,-3,Empty
15,-70,1,f,-3,Empty
15,-69,0,f,-3,Empty
15,-68,0,f,-3,Empty
15,-67,1,f,-3,Empty
15,-66,0,f,-3,Empty
15,-65,3,f,-3,Empty
15,-64,3,f,-3,Empty
15,-63,2,f,-3,Empty
15,-62,1,f,-3,Empty
15,-61,2,f,-3,Empty
15,-60,1,f,-3,Empty
15,-59,4,f,-3,Empty
15,-58,0,f,-3,Empty
15,-57,5,f,-3,Empty
15,-56,1,f,-3,Empty
15,-55,1,f,-3,Empty
15,-54,1,f,-3,Empty
15,-53,0,f,-3,Empty
15,-52,1,f,-3,Empty
15,-51,1,f,-3,Empty
15,-50,0,f,-3,Empty
15,-49,0,f,-3,Empty
15,-48,0,f,-2,Empty
15,-47,0,f,-2,Empty
15,-46,0,f,-2,Empty
15,-45,0,f,-2,Empty
15,-44,0,f,-2,Empty
15,-43,0,f,-2,Empty
15,-42,3,f,-2,Empty
15,-41,1,f,-2,Empty
15,-40,0,f,-2,Empty
15,-39,1,f,-2,Empty
15,-38,3,f,-2,Empty
15,-37,2,f,-2,Empty
15,-36,5,f,-2,Empty
15,-35,2,f,-2,Empty
15,-34,0,f,-2,Empty
15,-33,3,f,-2,Empty
15,-32,0,f,-2,Empty
15,-31,1,f,-2,Empty
15,-30,0,f,-2,Empty
15,-29,0,f,-2,Empty
15,-28,1,f,-2,Empty
15,-27,0,f,-2,Empty
15,-26,0,f,-2,Empty
15,-25,0,f,-2,Empty
15,-24,0,f,-1,Empty
15,-23,0,f,-1,Empty
15,-22,0,f,-1,Empty
15,-21,0,f,-1,Empty
15,-20,0,f,-1,Empty
15,-19,0,f,-1,Empty
15,-18,1,f,-1,Empty
15,-17,1,f,-1,Empty
15,-16,2,f,-1,Empty
15,-15,3,f,-1,Empty
15,-14,2,f,-1,Empty
15,-13,1,f,-1,Empty
15,-12,6,f,-1,Empty
15,-11,3,f,-1,Empty
15,-10,1,f,-1,Empty
15,-9,0,f,-1,Empty
15,-8,4,f,-1,Empty
15,-7,0,f,-1,Empty
15,-6,0,f,-1,Empty
15,-5,1,f,-1,Empty
15,-4,0,f,-1,Empty
15,-3,1,f,-1,Empty
15,-2,0,f,-1,Empty
15,-1,3,f,-1,Empty
15,0,0,f,0,Social
15,1,2,f,0,Social
15,2,0,f,0,Social
15,3,0,f,0,Social
15,4,0,f,0,Social
15,5,0,f,0,Social
15,6,0,f,0,Social
15,7,0,f,0,Social
15,8,1,f,0,Social
15,9,3,f,0,Social
15,10,4,f,0,Social
15,11,7,f,0,Social
15,12,20,f,0,Social
15,13,11,f,0,Social
15,14,15,f,0,Social
15,15,12,f,0,Social
15,16,10,f,0,Social
15,17,8,f,0,Social
15,18,3,f,0,Social
15,19,0,f,0,Social
15,20,3,f,0,Social
15,21,0,f,0,Social
15,22,0,f,0,Social
15,23,3,f,0,Social
15,24,0,f,1,Social
15,25,2,f,1,Social
15,26,1,f,1,Social
15,27,5,f,1,Social
15,28,1,f,1,Social
15,29,2,f,1,Social
15,30,6,f,1,Social
15,31,5,f,1,Social
15,32,3,f,1,Social
15,33,6,f,1,Social
15,34,4,f,1,Social
15,35,7,f,1,Social
15,36,15,f,1,Social
15,37,9,f,1,Social
15,38,6,f,1,Social
15,39,1,f,1,Social
15,40,5,f,1,Social
15,41,2,f,1,Social
15,42,8,f,1,Social
15,43,4,f,1,Social
15,44,0,f,1,Social
15,45,4,f,1,Social
15,46,0,f,1,Social
15,47,1,f,1,Social
15,48,0,f,2,Social
15,49,2,f,2,Social
15,50,6,f,2,Social
15,51,3,f,2,Social
15,52,1,f,2,Social
15,53,1,f,2,Social
15,54,7,f,2,Social
15,55,7,f,2,Social
15,56,4,f,2,Social
15,57,8,f,2,Social
15,58,5,f,2,Social
15,59,0,f,2,Social
15,60,8,f,2,Social
15,61,5,f,2,Social
15,62,5,f,2,Social
15,63,0,f,2,Social
15,64,4,f,2,Social
15,65,1,f,2,Social
15,66,0,f,2,Social
15,67,2,f,2,Social
15,68,1,f,2,Social
15,69,0,f,2,Social
15,70,1,f,2,Social
15,71,0,f,2,Social
15,72,0,f,3,Social
15,73,0,f,3,Social
15,74,0,f,3,Social
15,75,0,f,3,Social
15,76,3,f,3,Social
15,77,4,f,3,Social
15,78,10,f,3,Social
15,79,3,f,3,Social
15,80,6,f,3,Social
15,81,4,f,3,Social
15,82,6,f,3,Social
15,83,5,f,3,Social
15,84,1,f,3,Social
15,85,7,f,3,Social
15,86,3,f,3,Social
15,87,0,f,3,Social
15,88,7,f,3,Social
15,89,0,f,3,Social
15,90,1,f,3,Social
15,91,2,f,3,Social
15,92,0,f,3,Social
15,93,3,f,3,Social
15,94,0,f,3,Social
15,95,0,f,3,Social
15,96,0,f,4,Social
15,97,2,f,4,Social
15,98,4,f,4,Social
15,99,2,f,4,Social
15,100,0,f,4,Social
15,101,1,f,4,Social
15,102,5,f,4,Social
15,103,2,f,4,Social
15,104,3,f,4,Social
15,105,11,f,4,Social
15,106,6,f,4,Social
15,107,9,f,4,Social
15,108,4,f,4,Social
15,109,0,f,4,Social
15,110,5,f,4,Social
15,111,2,f,4,Social
15,112,1,f,4,Social
15,113,2,f,4,Social
15,114,0,f,4,Social
15,115,2,f,4,Social
15,116,0,f,4,Social
15,117,0,f,4,Social
15,118,0,f,4,Social
15,119,0,f,4,Social
15,120,0,f,5,Social
15,121,2,f,5,Social
15,122,1,f,5,Social
15,123,2,f,5,Social
15,124,0,f,5,Social
15,125,4,f,5,Social
15,126,4,f,5,Social
15,127,6,f,5,Social
15,128,2,f,5,Social
15,129,8,f,5,Social
15,130,6,f,5,Social
15,131,8,f,5,Social
15,132,9,f,5,Social
15,133,5,f,5,Social
15,134,18,f,5,Social
15,135,6,f,5,Social
15,136,0,f,5,Social
15,137,0,f,5,Social
15,138,1,f,5,Social
15,139,0,f,5,Social
15,140,0,f,5,Social
15,141,2,f,5,Social
15,142,1,f,5,Social
15,143,0,f,5,Social
15,144,0,f,6,Social
15,145,6,f,6,Social
15,146,2,f,6,Social
15,147,0,f,6,Social
15,148,4,f,6,Social
15,149,0,f,6,Social
15,150,6,f,6,Social
15,151,10,f,6,Social
15,152,5,f,6,Social
15,153,13,f,6,Social
15,154,14,f,6,Social
15,155,13,f,6,Social
15,156,9,f,6,Social
15,157,10,f,6,Social
15,158,7,f,6,Social
15,159,6,f,6,Social
15,160,4,f,6,Social
15,161,2,f,6,Social
15,162,1,f,6,Social
15,163,0,f,6,Social
15,164,1,f,6,Social
15,165,0,f,6,Social
15,166,2,f,6,Social
15,167,0,f,6,Social
15,168,2,f,7,Social
15,169,0,f,7,Social
15,170,3,f,7,Social
15,171,0,f,7,Social
15,172,1,f,7,Social
15,173,2,f,7,Social
15,174,10,f,7,Social
15,175,7,f,7,Social
15,176,1,f,7,Social
15,177,6,f,7,Social
15,178,10,f,7,Social
15,179,12,f,7,Social
15,180,1,f,7,Social
15,181,8,f,7,Social
15,182,15,f,7,Social
15,183,6,f,7,Social
15,184,0,f,7,Social
15,185,1,f,7,Social
15,186,0,f,7,Social
15,187,4,f,7,Social
15,188,4,f,7,Social
15,189,0,f,7,Social
15,190,0,f,7,Social
15,191,0,f,7,Social
15,192,0,f,8,Social
15,193,1,f,8,Social
15,194,5,f,8,Social
15,195,0,f,8,Social
15,196,0,f,8,Social
15,197,0,f,8,Social
15,198,11,f,8,Social
15,199,6,f,8,Social
15,200,3,f,8,Social
15,201,8,f,8,Social
15,202,2,f,8,Social
15,203,7,f,8,Social
15,204,7,f,8,Social
15,205,9,f,8,Social
15,206,15,f,8,Social
15,207,1,f,8,Social
15,208,0,f,8,Social
15,209,1,f,8,Social
15,210,0,f,8,Social
15,211,1,f,8,Social
15,212,1,f,8,Social
15,213,0,f,8,Social
15,214,0,f,8,Social
15,215,1,f,8,Social
15,216,1,f,9,Extinction
15,217,0,f,9,Extinction
15,218,3,f,9,Extinction
15,219,2,f,9,Extinction
15,220,1,f,9,Extinction
15,221,3,f,9,Extinction
15,222,5,f,9,Extinction
15,223,6,f,9,Extinction
15,224,0,f,9,Extinction
15,225,1,f,9,Extinction
15,226,7,f,9,Extinction
15,227,5,f,9,Extinction
15,228,9,f,9,Extinction
15,229,7,f,9,Extinction
15,230,2,f,9,Extinction
15,231,5,f,9,Extinction
15,232,3,f,9,Extinction
15,233,0,f,9,Extinction
15,234,0,f,9,Extinction
15,235,1,f,9,Extinction
15,236,3,f,9,Extinction
15,237,0,f,9,Extinction
15,238,0,f,9,Extinction
15,239,1,f,9,Extinction
15,240,4,f,10,Extinction
15,241,0,f,10,Extinction
15,242,14,f,10,Extinction
15,243,8,f,10,Extinction
15,244,4,f,10,Extinction
15,245,1,f,10,Extinction
15,246,8,f,10,Extinction
15,247,9,f,10,Extinction
15,248,5,f,10,Extinction
15,249,7,f,10,Extinction
15,250,0,f,10,Extinction
15,251,6,f,10,Extinction
15,252,6,f,10,Extinction
15,253,4,f,10,Extinction
15,254,0,f,10,Extinction
15,255,5,f,10,Extinction
15,256,3,f,10,Extinction
15,257,2,f,10,Extinction
15,258,0,f,10,Extinction
15,259,0,f,10,Extinction
15,260,1,f,10,Extinction
15,261,0,f,10,Extinction
15,262,0,f,10,Extinction
15,263,0,f,10,Extinction
15,264,0,f,11,Extinction
15,265,0,f,11,Extinction
15,266,0,f,11,Extinction
15,267,0,f,11,Extinction
15,268,2,f,11,Extinction
15,269,1,f,11,Extinction
15,270,4,f,11,Extinction
15,271,6,f,11,Extinction
15,272,6,f,11,Extinction
15,273,5,f,11,Extinction
15,274,1,f,11,Extinction
15,275,3,f,11,Extinction
15,276,6,f,11,Extinction
15,277,2,f,11,Extinction
15,278,5,f,11,Extinction
15,279,1,f,11,Extinction
15,280,2,f,11,Extinction
15,281,0,f,11,Extinction
15,282,0,f,11,Extinction
15,283,0,f,11,Extinction
15,284,0,f,11,Extinction
15,285,0,f,11,Extinction
15,286,0,f,11,Extinction
15,287,0,f,11,Extinction
15,288,0,f,12,Extinction
15,289,0,f,12,Extinction
15,290,0,f,12,Extinction
15,291,2,f,12,Extinction
15,292,1,f,12,Extinction
15,293,0,f,12,Extinction
15,294,6,f,12,Extinction
15,295,7,f,12,Extinction
15,296,3,f,12,Extinction
15,297,2,f,12,Extinction
15,298,0,f,12,Extinction
15,299,6,f,12,Extinction
15,300,7,f,12,Extinction
15,301,3,f,12,Extinction
15,302,4,f,12,Extinction
15,303,4,f,12,Extinction
15,304,2,f,12,Extinction
15,305,0,f,12,Extinction
15,306,0,f,12,Extinction
15,307,0,f,12,Extinction
15,308,2,f,12,Extinction
15,309,0,f,12,Extinction
15,310,2,f,12,Extinction
15,311,0,f,12,Extinction
16,-96,0,f,-4,Empty
16,-95,2,f,-4,Empty
16,-94,0,f,-4,Empty
16,-93,2,f,-4,Empty
16,-92,0,f,-4,Empty
16,-91,0,f,-4,Empty
16,-90,5,f,-4,Empty
16,-89,8,f,-4,Empty
16,-88,8,f,-4,Empty
16,-87,9,f,-4,Empty
16,-86,9,f,-4,Empty
16,-85,2,f,-4,Empty
16,-84,3,f,-4,Empty
16,-83,0,f,-4,Empty
16,-82,0,f,-4,Empty
16,-81,0,f,-4,Empty
16,-80,1,f,-4,Empty
16,-79,0,f,-4,Empty
16,-78,0,f,-4,Empty
16,-77,0,f,-4,Empty
16,-76,0,f,-4,Empty
16,-75,0,f,-4,Empty
16,-74,0,f,-4,Empty
16,-73,0,f,-4,Empty
16,-72,0,f,-3,Empty
16,-71,0,f,-3,Empty
16,-70,4,f,-3,Empty
16,-69,0,f,-3,Empty
16,-68,0,f,-3,Empty
16,-67,0,f,-3,Empty
16,-66,0,f,-3,Empty
16,-65,3,f,-3,Empty
16,-64,0,f,-3,Empty
16,-63,8,f,-3,Empty
16,-62,6,f,-3,Empty
16,-61,1,f,-3,Empty
16,-60,1,f,-3,Empty
16,-59,0,f,-3,Empty
16,-58,0,f,-3,Empty
16,-57,6,f,-3,Empty
16,-56,0,f,-3,Empty
16,-55,1,f,-3,Empty
16,-54,3,f,-3,Empty
16,-53,0,f,-3,Empty
16,-52,0,f,-3,Empty
16,-51,0,f,-3,Empty
16,-50,1,f,-3,Empty
16,-49,0,f,-3,Empty
16,-48,0,f,-2,Empty
16,-47,1,f,-2,Empty
16,-46,1,f,-2,Empty
16,-45,0,f,-2,Empty
16,-44,1,f,-2,Empty
16,-43,0,f,-2,Empty
16,-42,0,f,-2,Empty
16,-41,3,f,-2,Empty
16,-40,3,f,-2,Empty
16,-39,8,f,-2,Empty
16,-38,3,f,-2,Empty
16,-37,8,f,-2,Empty
16,-36,9,f,-2,Empty
16,-35,10,f,-2,Empty
16,-34,4,f,-2,Empty
16,-33,0,f,-2,Empty
16,-32,1,f,-2,Empty
16,-31,3,f,-2,Empty
16,-30,3,f,-2,Empty
16,-29,0,f,-2,Empty
16,-28,0,f,-2,Empty
16,-27,2,f,-2,Empty
16,-26,2,f,-2,Empty
16,-25,0,f,-2,Empty
16,-24,0,f,-1,Empty
16,-23,0,f,-1,Empty
16,-22,0,f,-1,Empty
16,-21,1,f,-1,Empty
16,-20,0,f,-1,Empty
16,-19,1,f,-1,Empty
16,-18,0,f,-1,Empty
16,-17,7,f,-1,Empty
16,-16,4,f,-1,Empty
16,-15,5,f,-1,Empty
16,-14,5,f,-1,Empty
16,-13,9,f,-1,Empty
16,-12,3,f,-1,Empty
16,-11,4,f,-1,Empty
16,-10,0,f,-1,Empty
16,-9,1,f,-1,Empty
16,-8,6,f,-1,Empty
16,-7,0,f,-1,Empty
16,-6,0,f,-1,Empty
16,-5,2,f,-1,Empty
16,-4,0,f,-1,Empty
16,-3,0,f,-1,Empty
16,-2,0,f,-1,Empty
16,-1,0,f,-1,Empty
16,0,0,f,0,Social
16,1,0,f,0,Social
16,2,1,f,0,Social
16,3,1,f,0,Social
16,4,0,f,0,Social
16,5,1,f,0,Social
16,6,0,f,0,Social
16,7,10,f,0,Social
16,8,9,f,0,Social
16,9,16,f,0,Social
16,10,11,f,0,Social
16,11,9,f,0,Social
16,12,10,f,0,Social
16,13,17,f,0,Social
16,14,18,f,0,Social
16,15,13,f,0,Social
16,16,1,f,0,Social
16,17,4,f,0,Social
16,18,9,f,0,Social
16,19,0,f,0,Social
16,20,5,f,0,Social
16,21,1,f,0,Social
16,22,0,f,0,Social
16,23,1,f,0,Social
16,24,0,f,1,Social
16,25,10,f,1,Social
16,26,2,f,1,Social
16,27,2,f,1,Social
16,28,0,f,1,Social
16,29,5,f,1,Social
16,30,3,f,1,Social
16,31,7,f,1,Social
16,32,11,f,1,Social
16,33,8,f,1,Social
16,34,10,f,1,Social
16,35,16,f,1,Social
16,36,7,f,1,Social
16,37,11,f,1,Social
16,38,18,f,1,Social
16,39,13,f,1,Social
16,40,12,f,1,Social
16,41,9,f,1,Social
16,42,10,f,1,Social
16,43,3,f,1,Social
16,44,2,f,1,Social
16,45,0,f,1,Social
16,46,1,f,1,Social
16,47,0,f,1,Social
16,48,3,f,2,Social
16,49,8,f,2,Social
16,50,10,f,2,Social
16,51,0,f,2,Social
16,52,0,f,2,Social
16,53,3,f,2,Social
16,54,0,f,2,Social
16,55,8,f,2,Social
16,56,2,f,2,Social
16,57,11,f,2,Social
16,58,4,f,2,Social
16,59,8,f,2,Social
16,60,8,f,2,Social
16,61,6,f,2,Social
16,62,4,f,2,Social
16,63,1,f,2,Social
16,64,1,f,2,Social
16,65,5,f,2,Social
16,66,2,f,2,Social
16,67,0,f,2,Social
16,68,0,f,2,Social
16,69,1,f,2,Social
16,70,1,f,2,Social
16,71,0,f,2,Social
16,72,2,f,3,Social
16,73,2,f,3,Social
16,74,13,f,3,Social
16,75,0,f,3,Social
16,76,1,f,3,Social
16,77,1,f,3,Social
16,78,5,f,3,Social
16,79,5,f,3,Social
16,80,4,f,3,Social
16,81,9,f,3,Social
16,82,7,f,3,Social
16,83,4,f,3,Social
16,84,8,f,3,Social
16,85,10,f,3,Social
16,86,9,f,3,Social
16,87,3,f,3,Social
16,88,4,f,3,Social
16,89,0,f,3,Social
16,90,0,f,3,Social
16,91,1,f,3,Social
16,92,0,f,3,Social
16,93,1,f,3,Social
16,94,0,f,3,Social
16,95,0,f,3,Social
16,96,0,f,4,Social
16,97,2,f,4,Social
16,98,2,f,4,Social
16,99,0,f,4,Social
16,100,0,f,4,Social
16,101,3,f,4,Social
16,102,4,f,4,Social
16,103,4,f,4,Social
16,104,15,f,4,Social
16,105,4,f,4,Social
16,106,10,f,4,Social
16,107,9,f,4,Social
16,108,5,f,4,Social
16,109,9,f,4,Social
16,110,9,f,4,Social
16,111,9,f,4,Social
16,112,8,f,4,Social
16,113,0,f,4,Social
16,114,0,f,4,Social
16,115,0,f,4,Social
16,116,0,f,4,Social
16,117,0,f,4,Social
16,118,2,f,4,Social
16,119,0,f,4,Social
16,120,0,f,5,Social
16,121,0,f,5,Social
16,122,1,f,5,Social
16,123,0,f,5,Social
16,124,0,f,5,Social
16,125,1,f,5,Social
16,126,7,f,5,Social
16,127,6,f,5,Social
16,128,10,f,5,Social
16,129,10,f,5,Social
16,130,3,f,5,Social
16,131,5,f,5,Social
16,132,8,f,5,Social
16,133,13,f,5,Social
16,134,12,f,5,Social
16,135,9,f,5,Social
16,136,2,f,5,Social
16,137,0,f,5,Social
16,138,0,f,5,Social
16,139,0,f,5,Social
16,140,0,f,5,Social
16,141,0,f,5,Social
16,142,0,f,5,Social
16,143,1,f,5,Social
16,144,0,f,6,Social
16,145,7,f,6,Social
16,146,0,f,6,Social
16,147,0,f,6,Social
16,148,3,f,6,Social
16,149,0,f,6,Social
16,150,8,f,6,Social
16,151,11,f,6,Social
16,152,7,f,6,Social
16,153,8,f,6,Social
16,154,16,f,6,Social
16,155,9,f,6,Social
16,156,12,f,6,Social
16,157,18,f,6,Social
16,158,9,f,6,Social
16,159,6,f,6,Social
16,160,0,f,6,Social
16,161,0,f,6,Social
16,162,0,f,6,Social
16,163,0,f,6,Social
16,164,0,f,6,Social
16,165,2,f,6,Social
16,166,0,f,6,Social
16,167,0,f,6,Social
16,168,0,f,7,Social
16,169,4,f,7,Social
16,170,7,f,7,Social
16,171,0,f,7,Social
16,172,0,f,7,Social
16,173,2,f,7,Social
16,174,6,f,7,Social
16,175,5,f,7,Social
16,176,7,f,7,Social
16,177,3,f,7,Social
16,178,10,f,7,Social
16,179,9,f,7,Social
16,180,12,f,7,Social
16,181,11,f,7,Social
16,182,10,f,7,Social
16,183,7,f,7,Social
16,184,1,f,7,Social
16,185,1,f,7,Social
16,186,1,f,7,Social
16,187,1,f,7,Social
16,188,2,f,7,Social
16,189,1,f,7,Social
16,190,0,f,7,Social
16,191,1,f,7,Social
16,192,1,f,8,Social
16,193,0,f,8,Social
16,194,8,f,8,Social
16,195,0,f,8,Social
16,196,0,f,8,Social
16,197,1,f,8,Social
16,198,7,f,8,Social
16,199,7,f,8,Social
16,200,10,f,8,Social
16,201,1,f,8,Social
16,202,4,f,8,Social
16,203,1,f,8,Social
16,204,10,f,8,Social
16,205,9,f,8,Social
16,206,6,f,8,Social
16,207,10,f,8,Social
16,208,2,f,8,Social
16,209,0,f,8,Social
16,210,0,f,8,Social
16,211,0,f,8,Social
16,212,2,f,8,Social
16,213,0,f,8,Social
16,214,0,f,8,Social
16,215,1,f,8,Social
16,216,2,f,9,Extinction
16,217,0,f,9,Extinction
16,218,4,f,9,Extinction
16,219,8,f,9,Extinction
16,220,5,f,9,Extinction
16,221,0,f,9,Extinction
16,222,8,f,9,Extinction
16,223,6,f,9,Extinction
16,224,6,f,9,Extinction
16,225,0,f,9,Extinction
16,226,2,f,9,Extinction
16,227,3,f,9,Extinction
16,228,0,f,9,Extinction
16,229,10,f,9,Extinction
16,230,11,f,9,Extinction
16,231,9,f,9,Extinction
16,232,5,f,9,Extinction
16,233,0,f,9,Extinction
16,234,1,f,9,Extinction
16,235,0,f,9,Extinction
16,236,3,f,9,Extinction
16,237,1,f,9,Extinction
16,238,0,f,9,Extinction
16,239,0,f,9,Extinction
16,240,0,f,10,Extinction
16,241,2,f,10,Extinction
16,242,9,f,10,Extinction
16,243,9,f,10,Extinction
16,244,2,f,10,Extinction
16,245,2,f,10,Extinction
16,246,9,f,10,Extinction
16,247,8,f,10,Extinction
16,248,8,f,10,Extinction
16,249,2,f,10,Extinction
16,250,0,f,10,Extinction
16,251,3,f,10,Extinction
16,252,9,f,10,Extinction
16,253,7,f,10,Extinction
16,254,6,f,10,Extinction
16,255,5,f,10,Extinction
16,256,0,f,10,Extinction
16,257,0,f,10,Extinction
16,258,0,f,10,Extinction
16,259,3,f,10,Extinction
16,260,0,f,10,Extinction
16,261,0,f,10,Extinction
16,262,0,f,10,Extinction
16,263,0,f,10,Extinction
16,264,0,f,11,Extinction
16,265,0,f,11,Extinction
16,266,7,f,11,Extinction
16,267,0,f,11,Extinction
16,268,0,f,11,Extinction
16,269,1,f,11,Extinction
16,270,5,f,11,Extinction
16,271,8,f,11,Extinction
16,272,4,f,11,Extinction
16,273,3,f,11,Extinction
16,274,0,f,11,Extinction
16,275,0,f,11,Extinction
16,276,2,f,11,Extinction
16,277,1,f,11,Extinction
16,278,4,f,11,Extinction
16,279,1,f,11,Extinction
16,280,1,f,11,Extinction
16,281,0,f,11,Extinction
16,282,0,f,11,Extinction
16,283,0,f,11,Extinction
16,284,0,f,11,Extinction
16,285,0,f,11,Extinction
16,286,1,f,11,Extinction
16,287,0,f,11,Extinction
16,288,0,f,12,Extinction
16,289,4,f,12,Extinction
16,290,1,f,12,Extinction
16,291,0,f,12,Extinction
16,292,1,f,12,Extinction
16,293,0,f,12,Extinction
16,294,5,f,12,Extinction
16,295,9,f,12,Extinction
16,296,3,f,12,Extinction
16,297,8,f,12,Extinction
16,298,6,f,12,Extinction
16,299,9,f,12,Extinction
16,300,4,f,12,Extinction
16,301,8,f,12,Extinction
16,302,3,f,12,Extinction
16,303,4,f,12,Extinction
16,304,0,f,12,Extinction
16,305,0,f,12,Extinction
16,306,1,f,12,Extinction
16,307,0,f,12,Extinction
16,308,0,f,12,Extinction
16,309,1,f,12,Extinction
16,310,0,f,12,Extinction
16,311,0,f,12,Extinction
